Level,Attack,Health,CriticalHit,CriticalDamage,AttackSpeed,Cost
1,10.00 ,200.00 ,5.00 ,10.00 ,1.50 ,100.00 
2,10.60 ,201.51 ,5.50 ,10.60 ,1.49 ,112.09 
3,11.51 ,203.76 ,6.00 ,11.51 ,1.48 ,130.23 
4,12.71 ,206.77 ,6.50 ,12.71 ,1.47 ,154.42 
5,14.21 ,210.54 ,7.00 ,14.21 ,1.46 ,184.65 
6,16.02 ,215.05 ,7.50 ,16.02 ,1.45 ,220.93 
7,18.13 ,220.32 ,8.00 ,18.13 ,1.44 ,263.25 
8,20.54 ,226.34 ,8.50 ,20.54 ,1.43 ,311.62 
9,23.25 ,233.11 ,9.00 ,23.25 ,1.42 ,366.04 
10,26.26 ,240.64 ,9.50 ,26.26 ,1.41 ,426.50 
11,29.57 ,248.92 ,10.00 ,29.57 ,1.40 ,493.01 
12,33.18 ,257.95 ,10.50 ,33.18 ,1.39 ,565.57 
13,37.09 ,267.73 ,11.00 ,37.09 ,1.38 ,644.17 
14,41.31 ,278.27 ,11.50 ,41.31 ,1.37 ,728.82 
15,45.82 ,289.56 ,12.00 ,45.82 ,1.36 ,819.51 
16,50.64 ,301.60 ,12.50 ,50.64 ,1.35 ,916.26 
17,55.76 ,314.39 ,13.00 ,55.76 ,1.34 ,1019.04 
18,61.18 ,327.94 ,13.50 ,61.18 ,1.33 ,1127.88 
19,66.89 ,342.24 ,14.00 ,66.89 ,1.32 ,1242.76 
20,72.92 ,357.29 ,14.50 ,72.92 ,1.31 ,1363.68 
21,79.24 ,373.09 ,15.00 ,79.24 ,1.30 ,1490.66 
22,85.86 ,389.65 ,15.50 ,85.86 ,1.29 ,1623.68 
23,92.78 ,406.96 ,16.00 ,92.78 ,1.28 ,1762.74 
24,100.01 ,425.02 ,16.50 ,100.01 ,1.27 ,1907.85 
25,107.53 ,443.83 ,17.00 ,107.53 ,1.26 ,2059.01 
26,115.36 ,463.40 ,17.50 ,115.36 ,1.25 ,2216.22 
27,123.49 ,483.72 ,18.00 ,123.49 ,1.24 ,2379.47 
28,131.92 ,504.79 ,18.50 ,131.92 ,1.23 ,2548.77 
29,140.65 ,526.62 ,19.00 ,140.65 ,1.22 ,2724.11 
30,149.68 ,549.19 ,19.50 ,149.68 ,1.21 ,2905.50 
31,159.01 ,572.52 ,20.00 ,159.01 ,1.20 ,3092.94 
32,168.64 ,596.61 ,20.50 ,168.64 ,1.19 ,3286.42 
33,178.58 ,621.44 ,21.00 ,178.58 ,1.18 ,3485.95 
34,188.81 ,647.03 ,21.50 ,188.81 ,1.17 ,3691.52 
35,199.35 ,673.37 ,22.00 ,199.35 ,1.16 ,3903.15 
36,210.18 ,700.46 ,22.50 ,210.18 ,1.15 ,4120.81 
37,221.32 ,728.31 ,23.00 ,221.32 ,1.14 ,4344.53 
38,232.76 ,756.91 ,23.50 ,232.76 ,1.13 ,4574.29 
39,244.50 ,786.26 ,24.00 ,244.50 ,1.12 ,4810.10 
40,256.54 ,816.36 ,24.50 ,256.54 ,1.11 ,5051.95 
41,268.89 ,847.21 ,25.00 ,268.89 ,1.10 ,5299.85 
42,281.53 ,878.82 ,25.50 ,281.53 ,1.09 ,5553.80 
43,294.47 ,911.18 ,26.00 ,294.47 ,1.08 ,5813.79 
44,307.72 ,944.30 ,26.50 ,307.72 ,1.07 ,6079.83 
45,321.27 ,978.16 ,27.00 ,321.27 ,1.06 ,6351.91 
46,335.11 ,1012.78 ,27.50 ,335.11 ,1.05 ,6630.04 
47,349.26 ,1048.15 ,28.00 ,349.26 ,1.04 ,6914.22 
48,363.71 ,1084.28 ,28.50 ,363.71 ,1.03 ,7204.45 
49,378.46 ,1121.15 ,29.00 ,378.46 ,1.02 ,7500.72 
50,393.51 ,1158.78 ,29.50 ,393.51 ,1.01 ,7803.03 
51,408.86 ,1197.16 ,30.00 ,408.86 ,1.00 ,8111.40 
52,424.52 ,1236.30 ,30.50 ,424.52 ,0.99 ,8425.81 
53,440.47 ,1276.18 ,31.00 ,440.47 ,0.98 ,8746.26 
54,456.73 ,1316.82 ,31.50 ,456.73 ,0.97 ,9072.76 
55,473.29 ,1358.21 ,32.00 ,473.29 ,0.96 ,9405.31 
56,490.14 ,1400.36 ,32.50 ,490.14 ,0.95 ,9743.91 
57,507.30 ,1443.25 ,33.00 ,507.30 ,0.94 ,10088.55 
58,524.76 ,1486.90 ,33.50 ,524.76 ,0.93 ,10439.24 
59,542.52 ,1531.31 ,34.00 ,542.52 ,0.92 ,10795.97 
60,560.58 ,1576.46 ,34.50 ,560.58 ,0.91 ,11158.75 
61,578.95 ,1622.37 ,35.00 ,578.95 ,0.90 ,11527.58 
62,597.61 ,1669.03 ,35.50 ,597.61 ,0.89 ,11902.45 
63,616.58 ,1716.44 ,36.00 ,616.58 ,0.88 ,12283.37 
64,635.84 ,1764.60 ,36.50 ,635.84 ,0.87 ,12670.33 
65,655.41 ,1813.52 ,37.00 ,655.41 ,0.86 ,13063.35 
66,675.28 ,1863.19 ,37.50 ,675.28 ,0.85 ,13462.40 
67,695.45 ,1913.61 ,38.00 ,695.45 ,0.84 ,13867.51 
68,715.92 ,1964.79 ,38.50 ,715.92 ,0.83 ,14278.66 
69,736.69 ,2016.72 ,39.00 ,736.69 ,0.82 ,14695.86 
70,757.76 ,2069.40 ,39.50 ,757.76 ,0.81 ,15119.10 
71,779.13 ,2122.83 ,40.00 ,779.13 ,0.80 ,15548.39 
72,800.81 ,2177.01 ,40.50 ,800.81 ,0.79 ,15983.73 
73,822.78 ,2231.95 ,41.00 ,822.78 ,0.78 ,16425.11 
74,845.06 ,2287.64 ,41.50 ,845.06 ,0.77 ,16872.54 
75,867.63 ,2344.09 ,42.00 ,867.63 ,0.76 ,17326.01 
76,890.51 ,2401.28 ,42.50 ,890.51 ,0.75 ,17785.54 
77,913.69 ,2459.23 ,43.00 ,913.69 ,0.74 ,18251.10 
78,937.17 ,2517.93 ,43.50 ,937.17 ,0.73 ,18722.72 
79,960.95 ,2577.38 ,44.00 ,960.95 ,0.72 ,19200.38 
80,985.04 ,2637.59 ,44.50 ,985.04 ,0.71 ,19684.09 
81,1009.42 ,2698.55 ,45.00 ,1009.42 ,0.70 ,20173.84 
82,1034.10 ,2760.26 ,45.50 ,1034.10 ,0.69 ,20669.64 
83,1059.09 ,2822.72 ,46.00 ,1059.09 ,0.68 ,21171.48 
84,1084.38 ,2885.94 ,46.50 ,1084.38 ,0.67 ,21679.38 
85,1109.96 ,2949.91 ,47.00 ,1109.96 ,0.66 ,22193.32 
86,1135.85 ,3014.63 ,47.50 ,1135.85 ,0.65 ,22713.30 
87,1162.04 ,3080.10 ,48.00 ,1162.04 ,0.64 ,23239.33 
88,1188.53 ,3146.33 ,48.50 ,1188.53 ,0.63 ,23771.41 
89,1215.32 ,3213.31 ,49.00 ,1215.32 ,0.62 ,24309.53 
90,1242.42 ,3281.04 ,49.50 ,1242.42 ,0.61 ,24853.70 
91,1269.81 ,3349.53 ,50.00 ,1269.81 ,0.60 ,25403.92 
92,1297.51 ,3418.76 ,50.50 ,1297.51 ,0.59 ,25960.18 
93,1325.50 ,3488.75 ,51.00 ,1325.50 ,0.58 ,26522.49 
94,1353.80 ,3559.49 ,51.50 ,1353.80 ,0.57 ,27090.85 
95,1382.40 ,3630.99 ,52.00 ,1382.40 ,0.56 ,27665.25 
96,1411.29 ,3703.24 ,52.50 ,1411.29 ,0.55 ,28245.70 
97,1440.49 ,3776.24 ,53.00 ,1440.49 ,0.54 ,28832.19 
98,1470.00 ,3849.99 ,53.50 ,1470.00 ,0.53 ,29424.73 
99,1499.80 ,3924.49 ,54.00 ,1499.80 ,0.52 ,30023.32 
100,1529.90 ,3999.75 ,54.50 ,1529.90 ,0.51 ,30627.95 
101,1560.30 ,4075.76 ,55.00 ,1560.30 ,0.50 ,31238.63 
102,1591.01 ,4152.52 ,55.50 ,1591.01 ,0.49 ,31855.36 
103,1622.02 ,4230.04 ,56.00 ,1622.02 ,0.48 ,32478.13 
104,1653.32 ,4308.31 ,56.50 ,1653.32 ,0.47 ,33106.95 
105,1684.93 ,4387.33 ,57.00 ,1684.93 ,0.46 ,33741.82 
106,1716.84 ,4467.10 ,57.50 ,1716.84 ,0.45 ,34382.73 
107,1749.05 ,4547.63 ,58.00 ,1749.05 ,0.44 ,35029.69 
108,1781.56 ,4628.90 ,58.50 ,1781.56 ,0.43 ,35682.69 
109,1814.37 ,4710.93 ,59.00 ,1814.37 ,0.42 ,36341.74 
110,1847.49 ,4793.72 ,59.50 ,1847.49 ,0.41 ,37006.84 
111,1880.90 ,4877.25 ,60.00 ,1880.90 ,0.40 ,37677.98 
112,1914.62 ,4961.54 ,60.50 ,1914.62 ,0.39 ,38355.17 
113,1948.63 ,5046.58 ,61.00 ,1948.63 ,0.38 ,39038.41 
114,1982.95 ,5132.38 ,61.50 ,1982.95 ,0.37 ,39727.69 
115,2017.57 ,5218.92 ,62.00 ,2017.57 ,0.36 ,40423.02 
116,2052.49 ,5306.22 ,62.50 ,2052.49 ,0.35 ,41124.40 
117,2087.71 ,5394.27 ,63.00 ,2087.71 ,0.34 ,41831.82 
118,2123.23 ,5483.08 ,63.50 ,2123.23 ,0.33 ,42545.28 
119,2159.05 ,5572.63 ,64.00 ,2159.05 ,0.32 ,43264.80 
120,2195.18 ,5662.94 ,64.50 ,2195.18 ,0.31 ,43990.36 
121,2231.60 ,5754.00 ,65.00 ,2231.60 ,0.30 ,44721.97 
122,2268.33 ,5845.82 ,65.50 ,2268.33 ,0.29 ,45459.62 
123,2305.35 ,5938.38 ,66.00 ,2305.35 ,0.28 ,46203.32 
124,2342.68 ,6031.70 ,66.50 ,2342.68 ,0.27 ,46953.06 
125,2380.31 ,6125.78 ,67.00 ,2380.31 ,0.26 ,47708.86 
126,2418.24 ,6220.60 ,67.50 ,2418.24 ,0.25 ,48470.70 
127,2456.47 ,6316.18 ,68.00 ,2456.47 ,0.24 ,49238.58 
128,2495.00 ,6412.51 ,68.50 ,2495.00 ,0.23 ,50012.51 
129,2533.84 ,6509.59 ,69.00 ,2533.84 ,0.22 ,50792.49 
130,2572.97 ,6607.42 ,69.50 ,2572.97 ,0.21 ,51578.51 
131,2612.40 ,6706.01 ,70.00 ,2612.40 ,0.20 ,52370.58 
132,2652.14 ,6805.35 ,70.50 ,2652.14 ,0.19 ,53168.70 
133,2692.18 ,6905.44 ,71.00 ,2692.18 ,0.18 ,53972.86 
134,2732.52 ,7006.29 ,71.50 ,2732.52 ,0.17 ,54783.07 
135,2773.15 ,7107.89 ,72.00 ,2773.15 ,0.16 ,55599.33 
136,2814.09 ,7210.24 ,72.50 ,2814.09 ,0.15 ,56421.63 
137,2855.34 ,7313.34 ,73.00 ,2855.34 ,0.14 ,57249.98 
138,2896.88 ,7417.19 ,73.50 ,2896.88 ,0.13 ,58084.37 
139,2938.72 ,7521.80 ,74.00 ,2938.72 ,0.12 ,58924.81 
140,2980.87 ,7627.16 ,74.50 ,2980.87 ,0.11 ,59771.30 
141,3023.31 ,7733.28 ,75.00 ,3023.31 ,0.10 ,60623.83 
142,3066.06 ,7840.14 ,75.50 ,3066.06 ,0.09 ,61482.41 
143,3109.10 ,7947.76 ,76.00 ,3109.10 ,0.08 ,62347.04 
144,3152.45 ,8056.13 ,76.50 ,3152.45 ,0.07 ,63217.71 
145,3196.10 ,8165.25 ,77.00 ,3196.10 ,0.06 ,64094.43 
146,3240.05 ,8275.13 ,77.50 ,3240.05 ,0.05 ,64977.19 
147,3284.30 ,8385.76 ,78.00 ,3284.30 ,0.04 ,65866.01 
148,3328.86 ,8497.14 ,78.50 ,3328.86 ,0.03 ,66760.86 
149,3373.71 ,8609.27 ,79.00 ,3373.71 ,0.02 ,67661.77 
150,3418.86 ,8722.16 ,79.50 ,3418.86 ,0.01 ,68568.72 
151,3464.32 ,8835.80 ,80.00 ,3464.32 ,0.01 ,69481.72 
152,3510.08 ,8950.19 ,80.50 ,3510.08 ,0.01 ,70400.76 
153,3556.13 ,9065.33 ,81.00 ,3556.13 ,0.01 ,71325.85 
154,3602.49 ,9181.23 ,81.50 ,3602.49 ,0.01 ,72256.98 
155,3649.15 ,9297.88 ,82.00 ,3649.15 ,0.01 ,73194.17 
156,3696.11 ,9415.28 ,82.50 ,3696.11 ,0.01 ,74137.40 
157,3743.37 ,9533.44 ,83.00 ,3743.37 ,0.01 ,75086.67 
158,3790.94 ,9652.34 ,83.50 ,3790.94 ,0.01 ,76041.99 
159,3838.80 ,9772.00 ,84.00 ,3838.80 ,0.01 ,77003.36 
160,3886.97 ,9892.41 ,84.50 ,3886.97 ,0.01 ,77970.77 
161,3935.43 ,10013.58 ,85.00 ,3935.43 ,0.01 ,78944.23 
162,3984.20 ,10135.50 ,85.50 ,3984.20 ,0.01 ,79923.74 
163,4033.27 ,10258.16 ,86.00 ,4033.27 ,0.01 ,80909.29 
164,4082.63 ,10381.59 ,86.50 ,4082.63 ,0.01 ,81900.89 
165,4132.30 ,10505.76 ,87.00 ,4132.30 ,0.01 ,82898.54 
166,4182.28 ,10630.69 ,87.50 ,4182.28 ,0.01 ,83902.23 
167,4232.55 ,10756.37 ,88.00 ,4232.55 ,0.01 ,84911.97 
168,4283.12 ,10882.80 ,88.50 ,4283.12 ,0.01 ,85927.75 
169,4333.99 ,11009.99 ,89.00 ,4333.99 ,0.01 ,86949.58 
170,4385.17 ,11137.92 ,89.50 ,4385.17 ,0.01 ,87977.46 
171,4436.65 ,11266.62 ,90.00 ,4436.65 ,0.01 ,89011.38 
172,4488.42 ,11396.06 ,90.50 ,4488.42 ,0.01 ,90051.35 
173,4540.50 ,11526.25 ,91.00 ,4540.50 ,0.01 ,91097.37 
174,4592.88 ,11657.20 ,91.50 ,4592.88 ,0.01 ,92149.43 
175,4645.56 ,11788.90 ,92.00 ,4645.56 ,0.01 ,93207.54 
176,4698.54 ,11921.36 ,92.50 ,4698.54 ,0.01 ,94271.70 
177,4751.82 ,12054.56 ,93.00 ,4751.82 ,0.01 ,95341.90 
178,4805.41 ,12188.52 ,93.50 ,4805.41 ,0.01 ,96418.15 
179,4859.29 ,12323.23 ,94.00 ,4859.29 ,0.01 ,97500.44 
180,4913.48 ,12458.69 ,94.50 ,4913.48 ,0.01 ,98588.78 
181,4967.96 ,12594.91 ,95.00 ,4967.96 ,0.01 ,99683.17 
182,5022.75 ,12731.88 ,95.50 ,5022.75 ,0.01 ,100783.60 
183,5077.84 ,12869.60 ,96.00 ,5077.84 ,0.01 ,101890.08 
184,5133.23 ,13008.07 ,96.50 ,5133.23 ,0.01 ,103002.61 
185,5188.92 ,13147.30 ,97.00 ,5188.92 ,0.01 ,104121.18 
186,5244.91 ,13287.28 ,97.50 ,5244.91 ,0.01 ,105245.80 
187,5301.20 ,13428.01 ,98.00 ,5301.20 ,0.01 ,106376.46 
188,5357.80 ,13569.49 ,98.50 ,5357.80 ,0.01 ,107513.17 
189,5414.69 ,13711.73 ,99.00 ,5414.69 ,0.01 ,108655.93 
190,5471.89 ,13854.72 ,99.50 ,5471.89 ,0.01 ,109804.74 
191,5529.38 ,13998.46 ,100.00 ,5529.38 ,0.01 ,110959.59 
192,5587.18 ,14142.96 ,100.00 ,5587.18 ,0.01 ,112120.48 
193,5645.28 ,14288.20 ,100.00 ,5645.28 ,0.01 ,113287.43 
194,5703.68 ,14434.20 ,100.00 ,5703.68 ,0.01 ,114460.42 
195,5762.38 ,14580.96 ,100.00 ,5762.38 ,0.01 ,115639.45 
196,5821.38 ,14728.46 ,100.00 ,5821.38 ,0.01 ,116824.53 
197,5880.69 ,14876.72 ,100.00 ,5880.69 ,0.01 ,118015.66 
198,5940.29 ,15025.73 ,100.00 ,5940.29 ,0.01 ,119212.84 
199,6000.20 ,15175.49 ,100.00 ,6000.20 ,0.01 ,120416.06 
200,6060.40 ,15326.00 ,100.00 ,6060.40 ,0.01 ,121625.33 
201,6120.91 ,15477.27 ,100.00 ,6120.91 ,0.01 ,122840.64 
202,6181.72 ,15629.29 ,100.00 ,6181.72 ,0.01 ,124062.00 
203,6242.83 ,15782.07 ,100.00 ,6242.83 ,0.01 ,125289.41 
204,6304.24 ,15935.59 ,100.00 ,6304.24 ,0.01 ,126522.86 
205,6365.95 ,16089.87 ,100.00 ,6365.95 ,0.01 ,127762.36 
206,6427.96 ,16244.90 ,100.00 ,6427.96 ,0.01 ,129007.90 
207,6490.27 ,16400.68 ,100.00 ,6490.27 ,0.01 ,130259.49 
208,6552.89 ,16557.22 ,100.00 ,6552.89 ,0.01 ,131517.13 
209,6615.80 ,16714.51 ,100.00 ,6615.80 ,0.01 ,132780.82 
210,6679.02 ,16872.55 ,100.00 ,6679.02 ,0.01 ,134050.55 
211,6742.54 ,17031.34 ,100.00 ,6742.54 ,0.01 ,135326.32 
212,6806.35 ,17190.89 ,100.00 ,6806.35 ,0.01 ,136608.15 
213,6870.47 ,17351.18 ,100.00 ,6870.47 ,0.01 ,137896.02 
214,6934.89 ,17512.24 ,100.00 ,6934.89 ,0.01 ,139189.93 
215,6999.62 ,17674.04 ,100.00 ,6999.62 ,0.01 ,140489.90 
216,7064.64 ,17836.59 ,100.00 ,7064.64 ,0.01 ,141795.91 
217,7129.96 ,17999.90 ,100.00 ,7129.96 ,0.01 ,143107.96 
218,7195.59 ,18163.96 ,100.00 ,7195.59 ,0.01 ,144426.06 
219,7261.51 ,18328.78 ,100.00 ,7261.51 ,0.01 ,145750.21 
220,7327.74 ,18494.35 ,100.00 ,7327.74 ,0.01 ,147080.40 
221,7394.27 ,18660.66 ,100.00 ,7394.27 ,0.01 ,148416.64 
222,7461.09 ,18827.74 ,100.00 ,7461.09 ,0.01 ,149758.93 
223,7528.22 ,18995.56 ,100.00 ,7528.22 ,0.01 ,151107.26 
224,7595.65 ,19164.14 ,100.00 ,7595.65 ,0.01 ,152461.64 
225,7663.39 ,19333.47 ,100.00 ,7663.39 ,0.01 ,153822.07 
226,7731.42 ,19503.55 ,100.00 ,7731.42 ,0.01 ,155188.54 
227,7799.75 ,19674.38 ,100.00 ,7799.75 ,0.01 ,156561.06 
228,7868.39 ,19845.97 ,100.00 ,7868.39 ,0.01 ,157939.62 
229,7937.32 ,20018.31 ,100.00 ,7937.32 ,0.01 ,159324.24 
230,8006.56 ,20191.40 ,100.00 ,8006.56 ,0.01 ,160714.89 
231,8076.10 ,20365.25 ,100.00 ,8076.10 ,0.01 ,162111.60 
232,8145.94 ,20539.84 ,100.00 ,8145.94 ,0.01 ,163514.35 
233,8216.08 ,20715.19 ,100.00 ,8216.08 ,0.01 ,164923.14 
234,8286.52 ,20891.30 ,100.00 ,8286.52 ,0.01 ,166337.99 
235,8357.26 ,21068.15 ,100.00 ,8357.26 ,0.01 ,167758.88 
236,8428.30 ,21245.76 ,100.00 ,8428.30 ,0.01 ,169185.81 
237,8499.65 ,21424.12 ,100.00 ,8499.65 ,0.01 ,170618.79 
238,8571.29 ,21603.23 ,100.00 ,8571.29 ,0.01 ,172057.82 
239,8643.24 ,21783.10 ,100.00 ,8643.24 ,0.01 ,173502.90 
240,8715.49 ,21963.72 ,100.00 ,8715.49 ,0.01 ,174954.02 
241,8788.03 ,22145.09 ,100.00 ,8788.03 ,0.01 ,176411.18 
242,8860.88 ,22327.21 ,100.00 ,8860.88 ,0.01 ,177874.40 
243,8934.03 ,22510.09 ,100.00 ,8934.03 ,0.01 ,179343.66 
244,9007.49 ,22693.71 ,100.00 ,9007.49 ,0.01 ,180818.96 
245,9081.24 ,22878.09 ,100.00 ,9081.24 ,0.01 ,182300.32 
246,9155.29 ,23063.23 ,100.00 ,9155.29 ,0.01 ,183787.71 
247,9229.65 ,23249.11 ,100.00 ,9229.65 ,0.01 ,185281.16 
248,9304.30 ,23435.75 ,100.00 ,9304.30 ,0.01 ,186780.65 
249,9379.26 ,23623.14 ,100.00 ,9379.26 ,0.01 ,188286.19 
250,9454.52 ,23811.29 ,100.00 ,9454.52 ,0.01 ,189797.77 
251,9530.07 ,24000.18 ,100.00 ,9530.07 ,0.01 ,191315.40 
252,9605.93 ,24189.83 ,100.00 ,9605.93 ,0.01 ,192839.08 
253,9682.09 ,24380.23 ,100.00 ,9682.09 ,0.01 ,194368.80 
254,9758.56 ,24571.39 ,100.00 ,9758.56 ,0.01 ,195904.57 
255,9835.32 ,24763.30 ,100.00 ,9835.32 ,0.01 ,197446.39 
256,9912.38 ,24955.95 ,100.00 ,9912.38 ,0.01 ,198994.25 
257,9989.75 ,25149.37 ,100.00 ,9989.75 ,0.01 ,200548.16 
258,10067.41 ,25343.53 ,100.00 ,10067.41 ,0.01 ,202108.12 
259,10145.38 ,25538.45 ,100.00 ,10145.38 ,0.01 ,203674.12 
260,10223.65 ,25734.12 ,100.00 ,10223.65 ,0.01 ,205246.16 
261,10302.22 ,25930.54 ,100.00 ,10302.22 ,0.01 ,206824.26 
262,10381.09 ,26127.71 ,100.00 ,10381.09 ,0.01 ,208408.40 
263,10460.26 ,26325.64 ,100.00 ,10460.26 ,0.01 ,209998.59 
264,10539.73 ,26524.32 ,100.00 ,10539.73 ,0.01 ,211594.82 
265,10619.50 ,26723.75 ,100.00 ,10619.50 ,0.01 ,213197.10 
266,10699.58 ,26923.94 ,100.00 ,10699.58 ,0.01 ,214805.42 
267,10779.95 ,27124.88 ,100.00 ,10779.95 ,0.01 ,216419.79 
268,10860.63 ,27326.57 ,100.00 ,10860.63 ,0.01 ,218040.21 
269,10941.60 ,27529.01 ,100.00 ,10941.60 ,0.01 ,219666.68 
270,11022.88 ,27732.20 ,100.00 ,11022.88 ,0.01 ,221299.19 
271,11104.46 ,27936.15 ,100.00 ,11104.46 ,0.01 ,222937.75 
272,11186.34 ,28140.85 ,100.00 ,11186.34 ,0.01 ,224582.35 
273,11268.52 ,28346.30 ,100.00 ,11268.52 ,0.01 ,226233.00 
274,11351.00 ,28552.51 ,100.00 ,11351.00 ,0.01 ,227889.70 
275,11433.79 ,28759.47 ,100.00 ,11433.79 ,0.01 ,229552.44 
276,11516.87 ,28967.18 ,100.00 ,11516.87 ,0.01 ,231221.23 
277,11600.26 ,29175.64 ,100.00 ,11600.26 ,0.01 ,232896.06 
278,11683.94 ,29384.86 ,100.00 ,11683.94 ,0.01 ,234576.94 
279,11767.93 ,29594.83 ,100.00 ,11767.93 ,0.01 ,236263.87 
280,11852.22 ,29805.55 ,100.00 ,11852.22 ,0.01 ,237956.85 
281,11936.81 ,30017.02 ,100.00 ,11936.81 ,0.01 ,239655.87 
282,12021.70 ,30229.25 ,100.00 ,12021.70 ,0.01 ,241360.93 
283,12106.89 ,30442.23 ,100.00 ,12106.89 ,0.01 ,243072.05 
284,12192.38 ,30655.96 ,100.00 ,12192.38 ,0.01 ,244789.21 
285,12278.18 ,30870.44 ,100.00 ,12278.18 ,0.01 ,246512.41 
286,12364.27 ,31085.68 ,100.00 ,12364.27 ,0.01 ,248241.67 
287,12450.67 ,31301.67 ,100.00 ,12450.67 ,0.01 ,249976.96 
288,12537.36 ,31518.41 ,100.00 ,12537.36 ,0.01 ,251718.31 
289,12624.36 ,31735.90 ,100.00 ,12624.36 ,0.01 ,253465.70 
290,12711.66 ,31954.15 ,100.00 ,12711.66 ,0.01 ,255219.14 
291,12799.26 ,32173.15 ,100.00 ,12799.26 ,0.01 ,256978.62 
292,12887.16 ,32392.90 ,100.00 ,12887.16 ,0.01 ,258744.15 
293,12975.36 ,32613.40 ,100.00 ,12975.36 ,0.01 ,260515.73 
294,13063.86 ,32834.66 ,100.00 ,13063.86 ,0.01 ,262293.35 
295,13152.67 ,33056.67 ,100.00 ,13152.67 ,0.01 ,264077.02 
296,13241.77 ,33279.43 ,100.00 ,13241.77 ,0.01 ,265866.74 
297,13331.18 ,33502.95 ,100.00 ,13331.18 ,0.01 ,267662.50 
298,13420.89 ,33727.22 ,100.00 ,13420.89 ,0.01 ,269464.31 
299,13510.89 ,33952.24 ,100.00 ,13510.89 ,0.01 ,271272.16 
300,13601.20 ,34178.01 ,100.00 ,13601.20 ,0.01 ,273086.06 
301,13691.81 ,34404.53 ,100.00 ,13691.81 ,0.01 ,274906.01 
302,13782.72 ,34631.81 ,100.00 ,13782.72 ,0.01 ,276732.01 
303,13873.94 ,34859.84 ,100.00 ,13873.94 ,0.01 ,278564.05 
304,13965.45 ,35088.62 ,100.00 ,13965.45 ,0.01 ,280402.13 
305,14057.26 ,35318.16 ,100.00 ,14057.26 ,0.01 ,282246.26 
306,14149.38 ,35548.45 ,100.00 ,14149.38 ,0.01 ,284096.44 
307,14241.80 ,35779.49 ,100.00 ,14241.80 ,0.01 ,285952.67 
308,14334.51 ,36011.28 ,100.00 ,14334.51 ,0.01 ,287814.94 
309,14427.53 ,36243.83 ,100.00 ,14427.53 ,0.01 ,289683.26 
310,14520.85 ,36477.12 ,100.00 ,14520.85 ,0.01 ,291557.62 
311,14614.47 ,36711.18 ,100.00 ,14614.47 ,0.01 ,293438.03 
312,14708.39 ,36945.98 ,100.00 ,14708.39 ,0.01 ,295324.49 
313,14802.61 ,37181.53 ,100.00 ,14802.61 ,0.01 ,297216.99 
314,14897.14 ,37417.84 ,100.00 ,14897.14 ,0.01 ,299115.54 
315,14991.96 ,37654.90 ,100.00 ,14991.96 ,0.01 ,301020.14 
316,15087.09 ,37892.72 ,100.00 ,15087.09 ,0.01 ,302930.78 
317,15182.51 ,38131.28 ,100.00 ,15182.51 ,0.01 ,304847.47 
318,15278.24 ,38370.60 ,100.00 ,15278.24 ,0.01 ,306770.21 
319,15374.27 ,38610.67 ,100.00 ,15374.27 ,0.01 ,308698.99 
320,15470.60 ,38851.50 ,100.00 ,15470.60 ,0.01 ,310633.82 
321,15567.23 ,39093.08 ,100.00 ,15567.23 ,0.01 ,312574.69 
322,15664.16 ,39335.40 ,100.00 ,15664.16 ,0.01 ,314521.61 
323,15761.39 ,39578.49 ,100.00 ,15761.39 ,0.01 ,316474.58 
324,15858.93 ,39822.32 ,100.00 ,15858.93 ,0.01 ,318433.59 
325,15956.76 ,40066.91 ,100.00 ,15956.76 ,0.01 ,320398.65 
326,16054.90 ,40312.25 ,100.00 ,16054.90 ,0.01 ,322369.76 
327,16153.34 ,40558.34 ,100.00 ,16153.34 ,0.01 ,324346.91 
328,16252.07 ,40805.18 ,100.00 ,16252.07 ,0.01 ,326330.11 
329,16351.11 ,41052.78 ,100.00 ,16351.11 ,0.01 ,328319.35 
330,16450.45 ,41301.13 ,100.00 ,16450.45 ,0.01 ,330314.64 
331,16550.09 ,41550.23 ,100.00 ,16550.09 ,0.01 ,332315.98 
332,16650.04 ,41800.09 ,100.00 ,16650.04 ,0.01 ,334323.36 
333,16750.28 ,42050.70 ,100.00 ,16750.28 ,0.01 ,336336.79 
334,16850.82 ,42302.06 ,100.00 ,16850.82 ,0.01 ,338356.27 
335,16951.67 ,42554.17 ,100.00 ,16951.67 ,0.01 ,340381.79 
336,17052.81 ,42807.03 ,100.00 ,17052.81 ,0.01 ,342413.36 
337,17154.26 ,43060.65 ,100.00 ,17154.26 ,0.01 ,344450.98 
338,17256.01 ,43315.02 ,100.00 ,17256.01 ,0.01 ,346494.64 
339,17358.06 ,43570.14 ,100.00 ,17358.06 ,0.01 ,348544.35 
340,17460.41 ,43826.02 ,100.00 ,17460.41 ,0.01 ,350600.10 
341,17563.06 ,44082.65 ,100.00 ,17563.06 ,0.01 ,352661.90 
342,17666.01 ,44340.03 ,100.00 ,17666.01 ,0.01 ,354729.75 
343,17769.26 ,44598.16 ,100.00 ,17769.26 ,0.01 ,356803.64 
344,17872.82 ,44857.05 ,100.00 ,17872.82 ,0.01 ,358883.58 
345,17976.67 ,45116.69 ,100.00 ,17976.67 ,0.01 ,360969.57 
346,18080.83 ,45377.08 ,100.00 ,18080.83 ,0.01 ,363061.60 
347,18185.29 ,45638.22 ,100.00 ,18185.29 ,0.01 ,365159.68 
348,18290.05 ,45900.12 ,100.00 ,18290.05 ,0.01 ,367263.81 
349,18395.11 ,46162.76 ,100.00 ,18395.11 ,0.01 ,369373.98 
350,18500.47 ,46426.17 ,100.00 ,18500.47 ,0.01 ,371490.20 
351,18606.13 ,46690.32 ,100.00 ,18606.13 ,0.01 ,373612.46 
352,18712.09 ,46955.23 ,100.00 ,18712.09 ,0.01 ,375740.77 
353,18818.35 ,47220.89 ,100.00 ,18818.35 ,0.01 ,377875.13 
354,18924.92 ,47487.30 ,100.00 ,18924.92 ,0.01 ,380015.53 
355,19031.78 ,47754.46 ,100.00 ,19031.78 ,0.01 ,382161.98 
356,19138.95 ,48022.38 ,100.00 ,19138.95 ,0.01 ,384314.48 
357,19246.42 ,48291.05 ,100.00 ,19246.42 ,0.01 ,386473.02 
358,19354.19 ,48560.47 ,100.00 ,19354.19 ,0.01 ,388637.61 
359,19462.26 ,48830.64 ,100.00 ,19462.26 ,0.01 ,390808.24 
360,19570.63 ,49101.57 ,100.00 ,19570.63 ,0.01 ,392984.92 
361,19679.30 ,49373.25 ,100.00 ,19679.30 ,0.01 ,395167.65 
362,19788.27 ,49645.68 ,100.00 ,19788.27 ,0.01 ,397356.43 
363,19897.55 ,49918.87 ,100.00 ,19897.55 ,0.01 ,399551.25 
364,20007.12 ,50192.80 ,100.00 ,20007.12 ,0.01 ,401752.11 
365,20117.00 ,50467.49 ,100.00 ,20117.00 ,0.01 ,403959.03 
366,20227.17 ,50742.94 ,100.00 ,20227.17 ,0.01 ,406171.99 
367,20337.65 ,51019.13 ,100.00 ,20337.65 ,0.01 ,408390.99 
368,20448.43 ,51296.08 ,100.00 ,20448.43 ,0.01 ,410616.04 
369,20559.51 ,51573.78 ,100.00 ,20559.51 ,0.01 ,412847.14 
370,20670.89 ,51852.23 ,100.00 ,20670.89 ,0.01 ,415084.29 
371,20782.57 ,52131.44 ,100.00 ,20782.57 ,0.01 ,417327.48 
372,20894.56 ,52411.40 ,100.00 ,20894.56 ,0.01 ,419576.71 
373,21006.84 ,52692.11 ,100.00 ,21006.84 ,0.01 ,421832.00 
374,21119.43 ,52973.57 ,100.00 ,21119.43 ,0.01 ,424093.33 
375,21232.31 ,53255.78 ,100.00 ,21232.31 ,0.01 ,426360.70 
376,21345.50 ,53538.75 ,100.00 ,21345.50 ,0.01 ,428634.13 
377,21458.99 ,53822.47 ,100.00 ,21458.99 ,0.01 ,430913.60 
378,21572.78 ,54106.95 ,100.00 ,21572.78 ,0.01 ,433199.11 
379,21686.87 ,54392.17 ,100.00 ,21686.87 ,0.01 ,435490.67 
380,21801.26 ,54678.15 ,100.00 ,21801.26 ,0.01 ,437788.28 
381,21915.95 ,54964.88 ,100.00 ,21915.95 ,0.01 ,440091.94 
382,22030.95 ,55252.37 ,100.00 ,22030.95 ,0.01 ,442401.64 
383,22146.24 ,55540.60 ,100.00 ,22146.24 ,0.01 ,444717.38 
384,22261.84 ,55829.59 ,100.00 ,22261.84 ,0.01 ,447039.18 
385,22377.73 ,56119.33 ,100.00 ,22377.73 ,0.01 ,449367.02 
386,22493.93 ,56409.83 ,100.00 ,22493.93 ,0.01 ,451700.90 
387,22610.43 ,56701.07 ,100.00 ,22610.43 ,0.01 ,454040.83 
388,22727.23 ,56993.07 ,100.00 ,22727.23 ,0.01 ,456386.81 
389,22844.33 ,57285.82 ,100.00 ,22844.33 ,0.01 ,458738.84 
390,22961.73 ,57579.33 ,100.00 ,22961.73 ,0.01 ,461096.91 
391,23079.43 ,57873.58 ,100.00 ,23079.43 ,0.01 ,463461.03 
392,23197.44 ,58168.59 ,100.00 ,23197.44 ,0.01 ,465831.19 
393,23315.74 ,58464.36 ,100.00 ,23315.74 ,0.01 ,468207.40 
394,23434.35 ,58760.87 ,100.00 ,23434.35 ,0.01 ,470589.66 
395,23553.25 ,59058.14 ,100.00 ,23553.25 ,0.01 ,472977.96 
396,23672.46 ,59356.16 ,100.00 ,23672.46 ,0.01 ,475372.31 
397,23791.97 ,59654.93 ,100.00 ,23791.97 ,0.01 ,477772.71 
398,23911.78 ,59954.45 ,100.00 ,23911.78 ,0.01 ,480179.15 
399,24031.89 ,60254.73 ,100.00 ,24031.89 ,0.01 ,482591.64 
400,24152.30 ,60555.76 ,100.00 ,24152.30 ,0.01 ,485010.17 
401,24273.02 ,60857.54 ,100.00 ,24273.02 ,0.01 ,487434.75 
402,24394.03 ,61160.08 ,100.00 ,24394.03 ,0.01 ,489865.38 
403,24515.35 ,61463.37 ,100.00 ,24515.35 ,0.01 ,492302.05 
404,24636.96 ,61767.41 ,100.00 ,24636.96 ,0.01 ,494744.77 
405,24758.88 ,62072.20 ,100.00 ,24758.88 ,0.01 ,497193.54 
406,24881.10 ,62377.75 ,100.00 ,24881.10 ,0.01 ,499648.35 
407,25003.62 ,62684.04 ,100.00 ,25003.62 ,0.01 ,502109.21 
408,25126.44 ,62991.09 ,100.00 ,25126.44 ,0.01 ,504576.12 
409,25249.56 ,63298.90 ,100.00 ,25249.56 ,0.01 ,507049.07 
410,25372.98 ,63607.45 ,100.00 ,25372.98 ,0.01 ,509528.07 
411,25496.70 ,63916.76 ,100.00 ,25496.70 ,0.01 ,512013.11 
412,25620.73 ,64226.82 ,100.00 ,25620.73 ,0.01 ,514504.20 
413,25745.05 ,64537.64 ,100.00 ,25745.05 ,0.01 ,517001.34 
414,25869.68 ,64849.20 ,100.00 ,25869.68 ,0.01 ,519504.52 
415,25994.61 ,65161.52 ,100.00 ,25994.61 ,0.01 ,522013.75 
416,26119.84 ,65474.59 ,100.00 ,26119.84 ,0.01 ,524529.03 
417,26245.37 ,65788.42 ,100.00 ,26245.37 ,0.01 ,527050.35 
418,26371.20 ,66102.99 ,100.00 ,26371.20 ,0.01 ,529577.72 
419,26497.33 ,66418.32 ,100.00 ,26497.33 ,0.01 ,532111.14 
420,26623.76 ,66734.40 ,100.00 ,26623.76 ,0.01 ,534650.60 
421,26750.49 ,67051.24 ,100.00 ,26750.49 ,0.01 ,537196.11 
422,26877.53 ,67368.82 ,100.00 ,26877.53 ,0.01 ,539747.66 
423,27004.86 ,67687.16 ,100.00 ,27004.86 ,0.01 ,542305.26 
424,27132.50 ,68006.25 ,100.00 ,27132.50 ,0.01 ,544868.91 
425,27260.44 ,68326.10 ,100.00 ,27260.44 ,0.01 ,547438.60 
426,27388.68 ,68646.70 ,100.00 ,27388.68 ,0.01 ,550014.34 
427,27517.22 ,68968.04 ,100.00 ,27517.22 ,0.01 ,552596.13 
428,27646.06 ,69290.15 ,100.00 ,27646.06 ,0.01 ,555183.96 
429,27775.20 ,69613.00 ,100.00 ,27775.20 ,0.01 ,557777.84 
430,27904.64 ,69936.61 ,100.00 ,27904.64 ,0.01 ,560377.76 
431,28034.39 ,70260.97 ,100.00 ,28034.39 ,0.01 ,562983.73 
432,28164.43 ,70586.08 ,100.00 ,28164.43 ,0.01 ,565595.75 
433,28294.78 ,70911.95 ,100.00 ,28294.78 ,0.01 ,568213.81 
434,28425.43 ,71238.56 ,100.00 ,28425.43 ,0.01 ,570837.92 
435,28556.37 ,71565.93 ,100.00 ,28556.37 ,0.01 ,573468.08 
436,28687.62 ,71894.06 ,100.00 ,28687.62 ,0.01 ,576104.28 
437,28819.17 ,72222.93 ,100.00 ,28819.17 ,0.01 ,578746.53 
438,28951.02 ,72552.56 ,100.00 ,28951.02 ,0.01 ,581394.83 
439,29083.18 ,72882.94 ,100.00 ,29083.18 ,0.01 ,584049.17 
440,29215.63 ,73214.07 ,100.00 ,29215.63 ,0.01 ,586709.56 
441,29348.38 ,73545.96 ,100.00 ,29348.38 ,0.01 ,589375.99 
442,29481.44 ,73878.60 ,100.00 ,29481.44 ,0.01 ,592048.47 
443,29614.79 ,74211.99 ,100.00 ,29614.79 ,0.01 ,594727.00 
444,29748.45 ,74546.13 ,100.00 ,29748.45 ,0.01 ,597411.58 
445,29882.41 ,74881.03 ,100.00 ,29882.41 ,0.01 ,600102.20 
446,30016.67 ,75216.67 ,100.00 ,30016.67 ,0.01 ,602798.86 
447,30151.23 ,75553.08 ,100.00 ,30151.23 ,0.01 ,605501.57 
448,30286.09 ,75890.23 ,100.00 ,30286.09 ,0.01 ,608210.33 
449,30421.25 ,76228.14 ,100.00 ,30421.25 ,0.01 ,610925.14 
450,30556.72 ,76566.79 ,100.00 ,30556.72 ,0.01 ,613645.99 
451,30692.48 ,76906.21 ,100.00 ,30692.48 ,0.01 ,616372.89 
452,30828.55 ,77246.37 ,100.00 ,30828.55 ,0.01 ,619105.83 
453,30964.91 ,77587.29 ,100.00 ,30964.91 ,0.01 ,621844.82 
454,31101.58 ,77928.96 ,100.00 ,31101.58 ,0.01 ,624589.86 
455,31238.55 ,78271.38 ,100.00 ,31238.55 ,0.01 ,627340.94 
456,31375.82 ,78614.55 ,100.00 ,31375.82 ,0.01 ,630098.07 
457,31513.39 ,78958.48 ,100.00 ,31513.39 ,0.01 ,632861.25 
458,31651.26 ,79303.16 ,100.00 ,31651.26 ,0.01 ,635630.47 
459,31789.44 ,79648.59 ,100.00 ,31789.44 ,0.01 ,638405.74 
460,31927.91 ,79994.77 ,100.00 ,31927.91 ,0.01 ,641187.05 
461,32066.68 ,80341.71 ,100.00 ,32066.68 ,0.01 ,643974.42 
462,32205.76 ,80689.40 ,100.00 ,32205.76 ,0.01 ,646767.82 
463,32345.14 ,81037.84 ,100.00 ,32345.14 ,0.01 ,649567.28 
464,32484.81 ,81387.04 ,100.00 ,32484.81 ,0.01 ,652372.78 
465,32624.79 ,81736.98 ,100.00 ,32624.79 ,0.01 ,655184.32 
466,32765.07 ,82087.68 ,100.00 ,32765.07 ,0.01 ,658001.92 
467,32905.65 ,82439.14 ,100.00 ,32905.65 ,0.01 ,660825.56 
468,33046.54 ,82791.34 ,100.00 ,33046.54 ,0.01 ,663655.24 
469,33187.72 ,83144.30 ,100.00 ,33187.72 ,0.01 ,666490.97 
470,33329.20 ,83498.01 ,100.00 ,33329.20 ,0.01 ,669332.75 
471,33470.99 ,83852.47 ,100.00 ,33470.99 ,0.01 ,672180.58 
472,33613.08 ,84207.69 ,100.00 ,33613.08 ,0.01 ,675034.45 
473,33755.46 ,84563.66 ,100.00 ,33755.46 ,0.01 ,677894.37 
474,33898.15 ,84920.38 ,100.00 ,33898.15 ,0.01 ,680760.33 
475,34041.14 ,85277.85 ,100.00 ,34041.14 ,0.01 ,683632.34 
476,34184.43 ,85636.08 ,100.00 ,34184.43 ,0.01 ,686510.40 
477,34328.02 ,85995.05 ,100.00 ,34328.02 ,0.01 ,689394.50 
478,34471.91 ,86354.78 ,100.00 ,34471.91 ,0.01 ,692284.65 
479,34616.11 ,86715.27 ,100.00 ,34616.11 ,0.01 ,695180.84 
480,34760.60 ,87076.50 ,100.00 ,34760.60 ,0.01 ,698083.08 
481,34905.40 ,87438.49 ,100.00 ,34905.40 ,0.01 ,700991.37 
482,35050.49 ,87801.23 ,100.00 ,35050.49 ,0.01 ,703905.71 
483,35195.89 ,88164.73 ,100.00 ,35195.89 ,0.01 ,706826.09 
484,35341.59 ,88528.97 ,100.00 ,35341.59 ,0.01 ,709752.51 
485,35487.59 ,88893.97 ,100.00 ,35487.59 ,0.01 ,712684.99 
486,35633.89 ,89259.72 ,100.00 ,35633.89 ,0.01 ,715623.51 
487,35780.49 ,89626.23 ,100.00 ,35780.49 ,0.01 ,718568.07 
488,35927.39 ,89993.48 ,100.00 ,35927.39 ,0.01 ,721518.69 
489,36074.60 ,90361.49 ,100.00 ,36074.60 ,0.01 ,724475.34 
490,36222.10 ,90730.26 ,100.00 ,36222.10 ,0.01 ,727438.05 
491,36369.91 ,91099.77 ,100.00 ,36369.91 ,0.01 ,730406.80 
492,36518.01 ,91470.04 ,100.00 ,36518.01 ,0.01 ,733381.60 
493,36666.42 ,91841.06 ,100.00 ,36666.42 ,0.01 ,736362.44 
494,36815.13 ,92212.83 ,100.00 ,36815.13 ,0.01 ,739349.33 
495,36964.14 ,92585.35 ,100.00 ,36964.14 ,0.01 ,742342.27 
496,37113.45 ,92958.63 ,100.00 ,37113.45 ,0.01 ,745341.25 
497,37263.06 ,93332.66 ,100.00 ,37263.06 ,0.01 ,748346.28 
498,37412.98 ,93707.44 ,100.00 ,37412.98 ,0.01 ,751357.36 
499,37563.19 ,94082.98 ,100.00 ,37563.19 ,0.01 ,754374.48 
500,37713.71 ,94459.26 ,100.00 ,37713.71 ,0.01 ,757397.65 
501,37864.52 ,94836.30 ,100.00 ,37864.52 ,0.01 ,760426.86 
502,38015.64 ,95214.10 ,100.00 ,38015.64 ,0.01 ,763462.13 
503,38167.06 ,95592.64 ,100.00 ,38167.06 ,0.01 ,766503.43 
504,38318.78 ,95971.94 ,100.00 ,38318.78 ,0.01 ,769550.79 
505,38470.80 ,96351.99 ,100.00 ,38470.80 ,0.01 ,772604.19 
506,38623.12 ,96732.79 ,100.00 ,38623.12 ,0.01 ,775663.63 
507,38775.74 ,97114.35 ,100.00 ,38775.74 ,0.01 ,778729.13 
508,38928.66 ,97496.66 ,100.00 ,38928.66 ,0.01 ,781800.67 
509,39081.89 ,97879.72 ,100.00 ,39081.89 ,0.01 ,784878.25 
510,39235.41 ,98263.53 ,100.00 ,39235.41 ,0.01 ,787961.88 
511,39389.24 ,98648.10 ,100.00 ,39389.24 ,0.01 ,791051.56 
512,39543.37 ,99033.42 ,100.00 ,39543.37 ,0.01 ,794147.28 
513,39697.79 ,99419.49 ,100.00 ,39697.79 ,0.01 ,797249.06 
514,39852.52 ,99806.31 ,100.00 ,39852.52 ,0.01 ,800356.87 
515,40007.55 ,100193.89 ,100.00 ,40007.55 ,0.01 ,803470.74 
516,40162.89 ,100582.21 ,100.00 ,40162.89 ,0.01 ,806590.65 
517,40318.52 ,100971.30 ,100.00 ,40318.52 ,0.01 ,809716.60 
518,40474.45 ,101361.13 ,100.00 ,40474.45 ,0.01 ,812848.60 
519,40630.69 ,101751.72 ,100.00 ,40630.69 ,0.01 ,815986.65 
520,40787.22 ,102143.06 ,100.00 ,40787.22 ,0.01 ,819130.75 
521,40944.06 ,102535.15 ,100.00 ,40944.06 ,0.01 ,822280.89 
522,41101.20 ,102927.99 ,100.00 ,41101.20 ,0.01 ,825437.08 
523,41258.64 ,103321.59 ,100.00 ,41258.64 ,0.01 ,828599.31 
524,41416.37 ,103715.94 ,100.00 ,41416.37 ,0.01 ,831767.59 
525,41574.42 ,104111.04 ,100.00 ,41574.42 ,0.01 ,834941.92 
526,41732.76 ,104506.89 ,100.00 ,41732.76 ,0.01 ,838122.29 
527,41891.40 ,104903.50 ,100.00 ,41891.40 ,0.01 ,841308.71 
528,42050.34 ,105300.86 ,100.00 ,42050.34 ,0.01 ,844501.18 
529,42209.59 ,105698.97 ,100.00 ,42209.59 ,0.01 ,847699.69 
530,42369.13 ,106097.84 ,100.00 ,42369.13 ,0.01 ,850904.25 
531,42528.98 ,106497.45 ,100.00 ,42528.98 ,0.01 ,854114.85 
532,42689.13 ,106897.82 ,100.00 ,42689.13 ,0.01 ,857331.51 
533,42849.58 ,107298.95 ,100.00 ,42849.58 ,0.01 ,860554.20 
534,43010.33 ,107700.82 ,100.00 ,43010.33 ,0.01 ,863782.95 
535,43171.38 ,108103.45 ,100.00 ,43171.38 ,0.01 ,867017.74 
536,43332.73 ,108506.83 ,100.00 ,43332.73 ,0.01 ,870258.57 
537,43494.38 ,108910.96 ,100.00 ,43494.38 ,0.01 ,873505.46 
538,43656.34 ,109315.85 ,100.00 ,43656.34 ,0.01 ,876758.39 
539,43818.59 ,109721.49 ,100.00 ,43818.59 ,0.01 ,880017.36 
540,43981.15 ,110127.88 ,100.00 ,43981.15 ,0.01 ,883282.38 
541,44144.01 ,110535.02 ,100.00 ,44144.01 ,0.01 ,886553.45 
542,44307.17 ,110942.91 ,100.00 ,44307.17 ,0.01 ,889830.57 
543,44470.63 ,111351.56 ,100.00 ,44470.63 ,0.01 ,893113.73 
544,44634.39 ,111760.96 ,100.00 ,44634.39 ,0.01 ,896402.93 
545,44798.45 ,112171.12 ,100.00 ,44798.45 ,0.01 ,899698.19 
546,44962.81 ,112582.02 ,100.00 ,44962.81 ,0.01 ,902999.49 
547,45127.47 ,112993.68 ,100.00 ,45127.47 ,0.01 ,906306.83 
548,45292.44 ,113406.09 ,100.00 ,45292.44 ,0.01 ,909620.23 
549,45457.70 ,113819.26 ,100.00 ,45457.70 ,0.01 ,912939.67 
550,45623.27 ,114233.17 ,100.00 ,45623.27 ,0.01 ,916265.15 
551,45789.14 ,114647.84 ,100.00 ,45789.14 ,0.01 ,919596.68 
552,45955.31 ,115063.26 ,100.00 ,45955.31 ,0.01 ,922934.26 
553,46121.77 ,115479.44 ,100.00 ,46121.77 ,0.01 ,926277.89 
554,46288.55 ,115896.36 ,100.00 ,46288.55 ,0.01 ,929627.56 
555,46455.62 ,116314.04 ,100.00 ,46455.62 ,0.01 ,932983.27 
556,46622.99 ,116732.47 ,100.00 ,46622.99 ,0.01 ,936345.04 
557,46790.66 ,117151.66 ,100.00 ,46790.66 ,0.01 ,939712.85 
558,46958.64 ,117571.60 ,100.00 ,46958.64 ,0.01 ,943086.70 
559,47126.91 ,117992.28 ,100.00 ,47126.91 ,0.01 ,946466.60 
560,47295.49 ,118413.73 ,100.00 ,47295.49 ,0.01 ,949852.55 
561,47464.37 ,118835.92 ,100.00 ,47464.37 ,0.01 ,953244.55 
562,47633.55 ,119258.87 ,100.00 ,47633.55 ,0.01 ,956642.59 
563,47803.03 ,119682.57 ,100.00 ,47803.03 ,0.01 ,960046.68 
564,47972.81 ,120107.02 ,100.00 ,47972.81 ,0.01 ,963456.81 
565,48142.89 ,120532.23 ,100.00 ,48142.89 ,0.01 ,966872.99 
566,48313.27 ,120958.18 ,100.00 ,48313.27 ,0.01 ,970295.22 
567,48483.96 ,121384.89 ,100.00 ,48483.96 ,0.01 ,973723.49 
568,48654.94 ,121812.36 ,100.00 ,48654.94 ,0.01 ,977157.81 
569,48826.23 ,122240.57 ,100.00 ,48826.23 ,0.01 ,980598.18 
570,48997.82 ,122669.54 ,100.00 ,48997.82 ,0.01 ,984044.59 
571,49169.70 ,123099.26 ,100.00 ,49169.70 ,0.01 ,987497.05 
572,49341.89 ,123529.73 ,100.00 ,49341.89 ,0.01 ,990955.55 
573,49514.38 ,123960.96 ,100.00 ,49514.38 ,0.01 ,994420.10 
574,49687.17 ,124392.94 ,100.00 ,49687.17 ,0.01 ,997890.70 
575,49860.27 ,124825.67 ,100.00 ,49860.27 ,0.01 ,1001367.34 
576,50033.66 ,125259.15 ,100.00 ,50033.66 ,0.01 ,1004850.03 
577,50207.35 ,125693.38 ,100.00 ,50207.35 ,0.01 ,1008338.77 
578,50381.35 ,126128.37 ,100.00 ,50381.35 ,0.01 ,1011833.55 
579,50555.65 ,126564.11 ,100.00 ,50555.65 ,0.01 ,1015334.38 
580,50730.24 ,127000.61 ,100.00 ,50730.24 ,0.01 ,1018841.26 
581,50905.14 ,127437.85 ,100.00 ,50905.14 ,0.01 ,1022354.18 
582,51080.34 ,127875.85 ,100.00 ,51080.34 ,0.01 ,1025873.15 
583,51255.84 ,128314.60 ,100.00 ,51255.84 ,0.01 ,1029398.16 
584,51431.64 ,128754.11 ,100.00 ,51431.64 ,0.01 ,1032929.22 
585,51607.75 ,129194.36 ,100.00 ,51607.75 ,0.01 ,1036466.33 
586,51784.15 ,129635.37 ,100.00 ,51784.15 ,0.01 ,1040009.48 
587,51960.85 ,130077.13 ,100.00 ,51960.85 ,0.01 ,1043558.68 
588,52137.86 ,130519.65 ,100.00 ,52137.86 ,0.01 ,1047113.93 
589,52315.17 ,130962.91 ,100.00 ,52315.17 ,0.01 ,1050675.22 
590,52492.77 ,131406.93 ,100.00 ,52492.77 ,0.01 ,1054242.56 
591,52670.68 ,131851.71 ,100.00 ,52670.68 ,0.01 ,1057815.94 
592,52848.89 ,132297.23 ,100.00 ,52848.89 ,0.01 ,1061395.38 
593,53027.40 ,132743.51 ,100.00 ,53027.40 ,0.01 ,1064980.85 
594,53206.21 ,133190.54 ,100.00 ,53206.21 ,0.01 ,1068572.38 
595,53385.33 ,133638.32 ,100.00 ,53385.33 ,0.01 ,1072169.95 
596,53564.74 ,134086.85 ,100.00 ,53564.74 ,0.01 ,1075773.56 
597,53744.46 ,134536.14 ,100.00 ,53744.46 ,0.01 ,1079383.23 
598,53924.47 ,134986.18 ,100.00 ,53924.47 ,0.01 ,1082998.94 
599,54104.79 ,135436.97 ,100.00 ,54104.79 ,0.01 ,1086620.69 
600,54285.41 ,135888.52 ,100.00 ,54285.41 ,0.01 ,1090248.50 
601,54466.33 ,136340.82 ,100.00 ,54466.33 ,0.01 ,1093882.34 
602,54647.55 ,136793.87 ,100.00 ,54647.55 ,0.01 ,1097522.24 
603,54829.07 ,137247.67 ,100.00 ,54829.07 ,0.01 ,1101168.18 
604,55010.89 ,137702.22 ,100.00 ,55010.89 ,0.01 ,1104820.17 
605,55193.01 ,138157.53 ,100.00 ,55193.01 ,0.01 ,1108478.20 
606,55375.44 ,138613.59 ,100.00 ,55375.44 ,0.01 ,1112142.28 
607,55558.16 ,139070.41 ,100.00 ,55558.16 ,0.01 ,1115812.41 
608,55741.19 ,139527.97 ,100.00 ,55741.19 ,0.01 ,1119488.58 
609,55924.52 ,139986.29 ,100.00 ,55924.52 ,0.01 ,1123170.80 
610,56108.14 ,140445.36 ,100.00 ,56108.14 ,0.01 ,1126859.07 
611,56292.07 ,140905.18 ,100.00 ,56292.07 ,0.01 ,1130553.38 
612,56476.30 ,141365.76 ,100.00 ,56476.30 ,0.01 ,1134253.74 
613,56660.83 ,141827.09 ,100.00 ,56660.83 ,0.01 ,1137960.14 
614,56845.67 ,142289.17 ,100.00 ,56845.67 ,0.01 ,1141672.59 
615,57030.80 ,142752.00 ,100.00 ,57030.80 ,0.01 ,1145391.09 
616,57216.24 ,143215.59 ,100.00 ,57216.24 ,0.01 ,1149115.63 
617,57401.97 ,143679.93 ,100.00 ,57401.97 ,0.01 ,1152846.22 
618,57588.01 ,144145.02 ,100.00 ,57588.01 ,0.01 ,1156582.86 
619,57774.34 ,144610.86 ,100.00 ,57774.34 ,0.01 ,1160325.54 
620,57960.98 ,145077.46 ,100.00 ,57960.98 ,0.01 ,1164074.27 
621,58147.92 ,145544.81 ,100.00 ,58147.92 ,0.01 ,1167829.04 
622,58335.16 ,146012.91 ,100.00 ,58335.16 ,0.01 ,1171589.87 
623,58522.71 ,146481.76 ,100.00 ,58522.71 ,0.01 ,1175356.73 
624,58710.55 ,146951.37 ,100.00 ,58710.55 ,0.01 ,1179129.65 
625,58898.69 ,147421.73 ,100.00 ,58898.69 ,0.01 ,1182908.61 
626,59087.14 ,147892.84 ,100.00 ,59087.14 ,0.01 ,1186693.61 
627,59275.88 ,148364.71 ,100.00 ,59275.88 ,0.01 ,1190484.67 
628,59464.93 ,148837.32 ,100.00 ,59464.93 ,0.01 ,1194281.77 
629,59654.28 ,149310.69 ,100.00 ,59654.28 ,0.01 ,1198084.91 
630,59843.93 ,149784.82 ,100.00 ,59843.93 ,0.01 ,1201894.11 
631,60033.88 ,150259.69 ,100.00 ,60033.88 ,0.01 ,1205709.34 
632,60224.13 ,150735.32 ,100.00 ,60224.13 ,0.01 ,1209530.63 
633,60414.68 ,151211.70 ,100.00 ,60414.68 ,0.01 ,1213357.96 
634,60605.53 ,151688.83 ,100.00 ,60605.53 ,0.01 ,1217191.34 
635,60796.69 ,152166.71 ,100.00 ,60796.69 ,0.01 ,1221030.76 
636,60988.14 ,152645.35 ,100.00 ,60988.14 ,0.01 ,1224876.23 
637,61179.90 ,153124.74 ,100.00 ,61179.90 ,0.01 ,1228727.75 
638,61371.95 ,153604.89 ,100.00 ,61371.95 ,0.01 ,1232585.31 
639,61564.31 ,154085.78 ,100.00 ,61564.31 ,0.01 ,1236448.92 
640,61756.97 ,154567.43 ,100.00 ,61756.97 ,0.01 ,1240318.58 
641,61949.93 ,155049.83 ,100.00 ,61949.93 ,0.01 ,1244194.28 
642,62143.19 ,155532.98 ,100.00 ,62143.19 ,0.01 ,1248076.03 
643,62336.76 ,156016.89 ,100.00 ,62336.76 ,0.01 ,1251963.82 
644,62530.62 ,156501.55 ,100.00 ,62530.62 ,0.01 ,1255857.66 
645,62724.78 ,156986.96 ,100.00 ,62724.78 ,0.01 ,1259757.55 
646,62919.25 ,157473.12 ,100.00 ,62919.25 ,0.01 ,1263663.48 
647,63114.01 ,157960.04 ,100.00 ,63114.01 ,0.01 ,1267575.46 
648,63309.08 ,158447.71 ,100.00 ,63309.08 ,0.01 ,1271493.49 
649,63504.45 ,158936.13 ,100.00 ,63504.45 ,0.01 ,1275417.56 
650,63700.12 ,159425.30 ,100.00 ,63700.12 ,0.01 ,1279347.68 
651,63896.09 ,159915.23 ,100.00 ,63896.09 ,0.01 ,1283283.85 
652,64092.36 ,160405.91 ,100.00 ,64092.36 ,0.01 ,1287226.06 
653,64288.93 ,160897.34 ,100.00 ,64288.93 ,0.01 ,1291174.32 
654,64485.81 ,161389.52 ,100.00 ,64485.81 ,0.01 ,1295128.62 
655,64682.98 ,161882.46 ,100.00 ,64682.98 ,0.01 ,1299088.97 
656,64880.46 ,162376.15 ,100.00 ,64880.46 ,0.01 ,1303055.37 
657,65078.24 ,162870.59 ,100.00 ,65078.24 ,0.01 ,1307027.81 
658,65276.31 ,163365.78 ,100.00 ,65276.31 ,0.01 ,1311006.30 
659,65474.69 ,163861.73 ,100.00 ,65474.69 ,0.01 ,1314990.84 
660,65673.37 ,164358.43 ,100.00 ,65673.37 ,0.01 ,1318981.42 
661,65872.35 ,164855.88 ,100.00 ,65872.35 ,0.01 ,1322978.05 
662,66071.63 ,165354.09 ,100.00 ,66071.63 ,0.01 ,1326980.72 
663,66271.22 ,165853.04 ,100.00 ,66271.22 ,0.01 ,1330989.44 
664,66471.10 ,166352.75 ,100.00 ,66471.10 ,0.01 ,1335004.21 
665,66671.29 ,166853.22 ,100.00 ,66671.29 ,0.01 ,1339025.03 
666,66871.77 ,167354.43 ,100.00 ,66871.77 ,0.01 ,1343051.89 
667,67072.56 ,167856.40 ,100.00 ,67072.56 ,0.01 ,1347084.79 
668,67273.65 ,168359.12 ,100.00 ,67273.65 ,0.01 ,1351123.75 
669,67475.04 ,168862.59 ,100.00 ,67475.04 ,0.01 ,1355168.75 
670,67676.73 ,169366.82 ,100.00 ,67676.73 ,0.01 ,1359219.79 
671,67878.72 ,169871.79 ,100.00 ,67878.72 ,0.01 ,1363276.88 
672,68081.01 ,170377.52 ,100.00 ,68081.01 ,0.01 ,1367340.02 
673,68283.60 ,170884.01 ,100.00 ,68283.60 ,0.01 ,1371409.21 
674,68486.50 ,171391.24 ,100.00 ,68486.50 ,0.01 ,1375484.44 
675,68689.69 ,171899.23 ,100.00 ,68689.69 ,0.01 ,1379565.72 
676,68893.19 ,172407.97 ,100.00 ,68893.19 ,0.01 ,1383653.04 
677,69096.99 ,172917.47 ,100.00 ,69096.99 ,0.01 ,1387746.41 
678,69301.08 ,173427.71 ,100.00 ,69301.08 ,0.01 ,1391845.83 
679,69505.48 ,173938.71 ,100.00 ,69505.48 ,0.01 ,1395951.29 
680,69710.18 ,174450.46 ,100.00 ,69710.18 ,0.01 ,1400062.80 
681,69915.19 ,174962.96 ,100.00 ,69915.19 ,0.01 ,1404180.35 
682,70120.49 ,175476.22 ,100.00 ,70120.49 ,0.01 ,1408303.95 
683,70326.09 ,175990.23 ,100.00 ,70326.09 ,0.01 ,1412433.60 
684,70532.00 ,176504.99 ,100.00 ,70532.00 ,0.01 ,1416569.30 
685,70738.20 ,177020.50 ,100.00 ,70738.20 ,0.01 ,1420711.04 
686,70944.71 ,177536.77 ,100.00 ,70944.71 ,0.01 ,1424858.83 
687,71151.52 ,178053.79 ,100.00 ,71151.52 ,0.01 ,1429012.66 
688,71358.62 ,178571.56 ,100.00 ,71358.62 ,0.01 ,1433172.54 
689,71566.03 ,179090.09 ,100.00 ,71566.03 ,0.01 ,1437338.46 
690,71773.74 ,179609.36 ,100.00 ,71773.74 ,0.01 ,1441510.44 
691,71981.76 ,180129.39 ,100.00 ,71981.76 ,0.01 ,1445688.46 
692,72190.07 ,180650.17 ,100.00 ,72190.07 ,0.01 ,1449872.52 
693,72398.68 ,181171.71 ,100.00 ,72398.68 ,0.01 ,1454062.63 
694,72607.60 ,181693.99 ,100.00 ,72607.60 ,0.01 ,1458258.79 
695,72816.81 ,182217.03 ,100.00 ,72816.81 ,0.01 ,1462460.99 
696,73026.33 ,182740.83 ,100.00 ,73026.33 ,0.01 ,1466669.24 
697,73236.15 ,183265.37 ,100.00 ,73236.15 ,0.01 ,1470883.54 
698,73446.27 ,183790.67 ,100.00 ,73446.27 ,0.01 ,1475103.88 
699,73656.69 ,184316.72 ,100.00 ,73656.69 ,0.01 ,1479330.27 
700,73867.41 ,184843.52 ,100.00 ,73867.41 ,0.01 ,1483562.71 
701,74078.43 ,185371.08 ,100.00 ,74078.43 ,0.01 ,1487801.19 
702,74289.75 ,185899.38 ,100.00 ,74289.75 ,0.01 ,1492045.72 
703,74501.38 ,186428.44 ,100.00 ,74501.38 ,0.01 ,1496296.30 
704,74713.30 ,186958.26 ,100.00 ,74713.30 ,0.01 ,1500552.92 
705,74925.53 ,187488.82 ,100.00 ,74925.53 ,0.01 ,1504815.58 
706,75138.06 ,188020.14 ,100.00 ,75138.06 ,0.01 ,1509084.30 
707,75350.88 ,188552.21 ,100.00 ,75350.88 ,0.01 ,1513359.06 
708,75564.01 ,189085.03 ,100.00 ,75564.01 ,0.01 ,1517639.86 
709,75777.44 ,189618.61 ,100.00 ,75777.44 ,0.01 ,1521926.72 
710,75991.18 ,190152.94 ,100.00 ,75991.18 ,0.01 ,1526219.62 
711,76205.21 ,190688.02 ,100.00 ,76205.21 ,0.01 ,1530518.56 
712,76419.54 ,191223.85 ,100.00 ,76419.54 ,0.01 ,1534823.55 
713,76634.18 ,191760.44 ,100.00 ,76634.18 ,0.01 ,1539134.59 
714,76849.11 ,192297.78 ,100.00 ,76849.11 ,0.01 ,1543451.68 
715,77064.35 ,192835.87 ,100.00 ,77064.35 ,0.01 ,1547774.81 
716,77279.88 ,193374.71 ,100.00 ,77279.88 ,0.01 ,1552103.99 
717,77495.72 ,193914.31 ,100.00 ,77495.72 ,0.01 ,1556439.21 
718,77711.86 ,194454.66 ,100.00 ,77711.86 ,0.01 ,1560780.48 
719,77928.30 ,194995.76 ,100.00 ,77928.30 ,0.01 ,1565127.79 
720,78145.04 ,195537.61 ,100.00 ,78145.04 ,0.01 ,1569481.16 
721,78362.09 ,196080.22 ,100.00 ,78362.09 ,0.01 ,1573840.57 
722,78579.43 ,196623.58 ,100.00 ,78579.43 ,0.01 ,1578206.02 
723,78797.08 ,197167.69 ,100.00 ,78797.08 ,0.01 ,1582577.52 
724,79015.02 ,197712.55 ,100.00 ,79015.02 ,0.01 ,1586955.07 
725,79233.27 ,198258.17 ,100.00 ,79233.27 ,0.01 ,1591338.67 
726,79451.82 ,198804.54 ,100.00 ,79451.82 ,0.01 ,1595728.31 
727,79670.66 ,199351.66 ,100.00 ,79670.66 ,0.01 ,1600123.99 
728,79889.81 ,199899.54 ,100.00 ,79889.81 ,0.01 ,1604525.73 
729,80109.27 ,200448.16 ,100.00 ,80109.27 ,0.01 ,1608933.51 
730,80329.02 ,200997.54 ,100.00 ,80329.02 ,0.01 ,1613347.33 
731,80549.07 ,201547.68 ,100.00 ,80549.07 ,0.01 ,1617767.20 
732,80769.42 ,202098.56 ,100.00 ,80769.42 ,0.01 ,1622193.12 
733,80990.08 ,202650.20 ,100.00 ,80990.08 ,0.01 ,1626625.09 
734,81211.04 ,203202.59 ,100.00 ,81211.04 ,0.01 ,1631063.10 
735,81432.29 ,203755.73 ,100.00 ,81432.29 ,0.01 ,1635507.16 
736,81653.85 ,204309.63 ,100.00 ,81653.85 ,0.01 ,1639957.26 
737,81875.71 ,204864.27 ,100.00 ,81875.71 ,0.01 ,1644413.41 
738,82097.87 ,205419.67 ,100.00 ,82097.87 ,0.01 ,1648875.61 
739,82320.33 ,205975.83 ,100.00 ,82320.33 ,0.01 ,1653343.85 
740,82543.09 ,206532.73 ,100.00 ,82543.09 ,0.01 ,1657818.14 
741,82766.16 ,207090.39 ,100.00 ,82766.16 ,0.01 ,1662298.47 
742,82989.52 ,207648.80 ,100.00 ,82989.52 ,0.01 ,1666784.86 
743,83213.19 ,208207.96 ,100.00 ,83213.19 ,0.01 ,1671277.29 
744,83437.15 ,208767.88 ,100.00 ,83437.15 ,0.01 ,1675775.76 
745,83661.42 ,209328.55 ,100.00 ,83661.42 ,0.01 ,1680280.28 
746,83885.99 ,209889.97 ,100.00 ,83885.99 ,0.01 ,1684790.85 
747,84110.86 ,210452.14 ,100.00 ,84110.86 ,0.01 ,1689307.46 
748,84336.03 ,211015.07 ,100.00 ,84336.03 ,0.01 ,1693830.12 
749,84561.50 ,211578.75 ,100.00 ,84561.50 ,0.01 ,1698358.83 
750,84787.27 ,212143.18 ,100.00 ,84787.27 ,0.01 ,1702893.58 
751,85013.35 ,212708.36 ,100.00 ,85013.35 ,0.01 ,1707434.38 
752,85239.72 ,213274.30 ,100.00 ,85239.72 ,0.01 ,1711981.23 
753,85466.40 ,213840.99 ,100.00 ,85466.40 ,0.01 ,1716534.12 
754,85693.37 ,214408.43 ,100.00 ,85693.37 ,0.01 ,1721093.05 
755,85920.65 ,214976.62 ,100.00 ,85920.65 ,0.01 ,1725658.04 
756,86148.23 ,215545.57 ,100.00 ,86148.23 ,0.01 ,1730229.07 
757,86376.11 ,216115.27 ,100.00 ,86376.11 ,0.01 ,1734806.15 
758,86604.29 ,216685.72 ,100.00 ,86604.29 ,0.01 ,1739389.27 
759,86832.77 ,217256.93 ,100.00 ,86832.77 ,0.01 ,1743978.44 
760,87061.55 ,217828.88 ,100.00 ,87061.55 ,0.01 ,1748573.66 
761,87290.64 ,218401.59 ,100.00 ,87290.64 ,0.01 ,1753174.92 
762,87520.02 ,218975.05 ,100.00 ,87520.02 ,0.01 ,1757782.23 
763,87749.71 ,219549.27 ,100.00 ,87749.71 ,0.01 ,1762395.58 
764,87979.69 ,220124.24 ,100.00 ,87979.69 ,0.01 ,1767014.98 
765,88209.98 ,220699.96 ,100.00 ,88209.98 ,0.01 ,1771640.43 
766,88440.57 ,221276.43 ,100.00 ,88440.57 ,0.01 ,1776271.93 
767,88671.46 ,221853.65 ,100.00 ,88671.46 ,0.01 ,1780909.47 
768,88902.65 ,222431.63 ,100.00 ,88902.65 ,0.01 ,1785553.05 
769,89134.14 ,223010.36 ,100.00 ,89134.14 ,0.01 ,1790202.69 
770,89365.94 ,223589.84 ,100.00 ,89365.94 ,0.01 ,1794858.36 
771,89598.03 ,224170.08 ,100.00 ,89598.03 ,0.01 ,1799520.09 
772,89830.43 ,224751.07 ,100.00 ,89830.43 ,0.01 ,1804187.86 
773,90063.12 ,225332.81 ,100.00 ,90063.12 ,0.01 ,1808861.68 
774,90296.12 ,225915.30 ,100.00 ,90296.12 ,0.01 ,1813541.55 
775,90529.42 ,226498.55 ,100.00 ,90529.42 ,0.01 ,1818227.46 
776,90763.02 ,227082.54 ,100.00 ,90763.02 ,0.01 ,1822919.41 
777,90996.92 ,227667.30 ,100.00 ,90996.92 ,0.01 ,1827617.42 
778,91231.12 ,228252.80 ,100.00 ,91231.12 ,0.01 ,1832321.47 
779,91465.62 ,228839.05 ,100.00 ,91465.62 ,0.01 ,1837031.56 
780,91700.43 ,229426.06 ,100.00 ,91700.43 ,0.01 ,1841747.71 
781,91935.53 ,230013.82 ,100.00 ,91935.53 ,0.01 ,1846469.90 
782,92170.94 ,230602.34 ,100.00 ,92170.94 ,0.01 ,1851198.13 
783,92406.64 ,231191.60 ,100.00 ,92406.64 ,0.01 ,1855932.41 
784,92642.65 ,231781.62 ,100.00 ,92642.65 ,0.01 ,1860672.74 
785,92878.96 ,232372.39 ,100.00 ,92878.96 ,0.01 ,1865419.12 
786,93115.57 ,232963.92 ,100.00 ,93115.57 ,0.01 ,1870171.54 
787,93352.48 ,233556.19 ,100.00 ,93352.48 ,0.01 ,1874930.00 
788,93589.69 ,234149.22 ,100.00 ,93589.69 ,0.01 ,1879694.52 
789,93827.20 ,234743.01 ,100.00 ,93827.20 ,0.01 ,1884465.08 
790,94065.02 ,235337.54 ,100.00 ,94065.02 ,0.01 ,1889241.68 
791,94303.13 ,235932.83 ,100.00 ,94303.13 ,0.01 ,1894024.34 
792,94541.55 ,236528.87 ,100.00 ,94541.55 ,0.01 ,1898813.04 
793,94780.26 ,237125.66 ,100.00 ,94780.26 ,0.01 ,1903607.78 
794,95019.28 ,237723.20 ,100.00 ,95019.28 ,0.01 ,1908408.57 
795,95258.60 ,238321.50 ,100.00 ,95258.60 ,0.01 ,1913215.41 
796,95498.22 ,238920.55 ,100.00 ,95498.22 ,0.01 ,1918028.29 
797,95738.14 ,239520.35 ,100.00 ,95738.14 ,0.01 ,1922847.22 
798,95978.36 ,240120.91 ,100.00 ,95978.36 ,0.01 ,1927672.20 
799,96218.89 ,240722.21 ,100.00 ,96218.89 ,0.01 ,1932503.22 
800,96459.71 ,241324.27 ,100.00 ,96459.71 ,0.01 ,1937340.29 
801,96700.83 ,241927.09 ,100.00 ,96700.83 ,0.01 ,1942183.41 
802,96942.26 ,242530.65 ,100.00 ,96942.26 ,0.01 ,1947032.57 
803,97183.99 ,243134.97 ,100.00 ,97183.99 ,0.01 ,1951887.78 
804,97426.02 ,243740.04 ,100.00 ,97426.02 ,0.01 ,1956749.04 
805,97668.35 ,244345.86 ,100.00 ,97668.35 ,0.01 ,1961616.34 
806,97910.98 ,244952.44 ,100.00 ,97910.98 ,0.01 ,1966489.68 
807,98153.91 ,245559.77 ,100.00 ,98153.91 ,0.01 ,1971369.08 
808,98397.14 ,246167.85 ,100.00 ,98397.14 ,0.01 ,1976254.52 
809,98640.67 ,246776.68 ,100.00 ,98640.67 ,0.01 ,1981146.00 
810,98884.51 ,247386.27 ,100.00 ,98884.51 ,0.01 ,1986043.54 
811,99128.64 ,247996.60 ,100.00 ,99128.64 ,0.01 ,1990947.12 
812,99373.08 ,248607.69 ,100.00 ,99373.08 ,0.01 ,1995856.74 
813,99617.82 ,249219.54 ,100.00 ,99617.82 ,0.01 ,2000772.41 
814,99862.85 ,249832.13 ,100.00 ,99862.85 ,0.01 ,2005694.13 
815,100108.19 ,250445.48 ,100.00 ,100108.19 ,0.01 ,2010621.90 
816,100353.83 ,251059.58 ,100.00 ,100353.83 ,0.01 ,2015555.71 
817,100599.78 ,251674.44 ,100.00 ,100599.78 ,0.01 ,2020495.57 
818,100846.02 ,252290.04 ,100.00 ,100846.02 ,0.01 ,2025441.47 
819,101092.56 ,252906.40 ,100.00 ,101092.56 ,0.01 ,2030393.42 
820,101339.41 ,253523.51 ,100.00 ,101339.41 ,0.01 ,2035351.41 
821,101586.55 ,254141.38 ,100.00 ,101586.55 ,0.01 ,2040315.46 
822,101834.00 ,254760.00 ,100.00 ,101834.00 ,0.01 ,2045285.55 
823,102081.75 ,255379.36 ,100.00 ,102081.75 ,0.01 ,2050261.68 
824,102329.79 ,255999.49 ,100.00 ,102329.79 ,0.01 ,2055243.86 
825,102578.14 ,256620.36 ,100.00 ,102578.14 ,0.01 ,2060232.09 
826,102826.80 ,257241.99 ,100.00 ,102826.80 ,0.01 ,2065226.37 
827,103075.75 ,257864.37 ,100.00 ,103075.75 ,0.01 ,2070226.69 
828,103325.00 ,258487.50 ,100.00 ,103325.00 ,0.01 ,2075233.05 
829,103574.55 ,259111.38 ,100.00 ,103574.55 ,0.01 ,2080245.47 
830,103824.41 ,259736.02 ,100.00 ,103824.41 ,0.01 ,2085263.93 
831,104074.56 ,260361.41 ,100.00 ,104074.56 ,0.01 ,2090288.43 
832,104325.02 ,260987.55 ,100.00 ,104325.02 ,0.01 ,2095318.98 
833,104575.78 ,261614.45 ,100.00 ,104575.78 ,0.01 ,2100355.58 
834,104826.84 ,262242.10 ,100.00 ,104826.84 ,0.01 ,2105398.23 
835,105078.20 ,262870.50 ,100.00 ,105078.20 ,0.01 ,2110446.92 
836,105329.86 ,263499.65 ,100.00 ,105329.86 ,0.01 ,2115501.66 
837,105581.82 ,264129.55 ,100.00 ,105581.82 ,0.01 ,2120562.44 
838,105834.08 ,264760.21 ,100.00 ,105834.08 ,0.01 ,2125629.27 
839,106086.65 ,265391.62 ,100.00 ,106086.65 ,0.01 ,2130702.15 
840,106339.51 ,266023.79 ,100.00 ,106339.51 ,0.01 ,2135781.07 
841,106592.68 ,266656.70 ,100.00 ,106592.68 ,0.01 ,2140866.04 
842,106846.15 ,267290.37 ,100.00 ,106846.15 ,0.01 ,2145957.06 
843,107099.92 ,267924.79 ,100.00 ,107099.92 ,0.01 ,2151054.12 
844,107353.99 ,268559.96 ,100.00 ,107353.99 ,0.01 ,2156157.23 
845,107608.36 ,269195.89 ,100.00 ,107608.36 ,0.01 ,2161266.38 
846,107863.03 ,269832.57 ,100.00 ,107863.03 ,0.01 ,2166381.58 
847,108118.00 ,270470.00 ,100.00 ,108118.00 ,0.01 ,2171502.83 
848,108373.27 ,271108.18 ,100.00 ,108373.27 ,0.01 ,2176630.12 
849,108628.85 ,271747.12 ,100.00 ,108628.85 ,0.01 ,2181763.46 
850,108884.72 ,272386.81 ,100.00 ,108884.72 ,0.01 ,2186902.85 
851,109140.90 ,273027.25 ,100.00 ,109140.90 ,0.01 ,2192048.28 
852,109397.38 ,273668.44 ,100.00 ,109397.38 ,0.01 ,2197199.76 
853,109654.16 ,274310.39 ,100.00 ,109654.16 ,0.01 ,2202357.29 
854,109911.23 ,274953.09 ,100.00 ,109911.23 ,0.01 ,2207520.86 
855,110168.62 ,275596.54 ,100.00 ,110168.62 ,0.01 ,2212690.48 
856,110426.30 ,276240.74 ,100.00 ,110426.30 ,0.01 ,2217866.14 
857,110684.28 ,276885.70 ,100.00 ,110684.28 ,0.01 ,2223047.85 
858,110942.56 ,277531.41 ,100.00 ,110942.56 ,0.01 ,2228235.61 
859,111201.15 ,278177.87 ,100.00 ,111201.15 ,0.01 ,2233429.41 
860,111460.03 ,278825.09 ,100.00 ,111460.03 ,0.01 ,2238629.26 
861,111719.22 ,279473.05 ,100.00 ,111719.22 ,0.01 ,2243835.16 
862,111978.71 ,280121.77 ,100.00 ,111978.71 ,0.01 ,2249047.10 
863,112238.50 ,280771.24 ,100.00 ,112238.50 ,0.01 ,2254265.09 
864,112498.59 ,281421.47 ,100.00 ,112498.59 ,0.01 ,2259489.12 
865,112758.98 ,282072.45 ,100.00 ,112758.98 ,0.01 ,2264719.20 
866,113019.67 ,282724.18 ,100.00 ,113019.67 ,0.01 ,2269955.33 
867,113280.66 ,283376.66 ,100.00 ,113280.66 ,0.01 ,2275197.51 
868,113541.96 ,284029.89 ,100.00 ,113541.96 ,0.01 ,2280445.73 
869,113803.55 ,284683.88 ,100.00 ,113803.55 ,0.01 ,2285699.99 
870,114065.45 ,285338.62 ,100.00 ,114065.45 ,0.01 ,2290960.31 
871,114327.65 ,285994.12 ,100.00 ,114327.65 ,0.01 ,2296226.67 
872,114590.14 ,286650.36 ,100.00 ,114590.14 ,0.01 ,2301499.07 
873,114852.94 ,287307.36 ,100.00 ,114852.94 ,0.01 ,2306777.52 
874,115116.04 ,287965.11 ,100.00 ,115116.04 ,0.01 ,2312062.02 
875,115379.44 ,288623.61 ,100.00 ,115379.44 ,0.01 ,2317352.57 
876,115643.15 ,289282.87 ,100.00 ,115643.15 ,0.01 ,2322649.16 
877,115907.15 ,289942.88 ,100.00 ,115907.15 ,0.01 ,2327951.80 
878,116171.45 ,290603.64 ,100.00 ,116171.45 ,0.01 ,2333260.48 
879,116436.06 ,291265.15 ,100.00 ,116436.06 ,0.01 ,2338575.21 
880,116700.97 ,291927.42 ,100.00 ,116700.97 ,0.01 ,2343895.99 
881,116966.17 ,292590.43 ,100.00 ,116966.17 ,0.01 ,2349222.81 
882,117231.68 ,293254.21 ,100.00 ,117231.68 ,0.01 ,2354555.68 
883,117497.49 ,293918.73 ,100.00 ,117497.49 ,0.01 ,2359894.59 
884,117763.60 ,294584.01 ,100.00 ,117763.60 ,0.01 ,2365239.56 
885,118030.01 ,295250.03 ,100.00 ,118030.01 ,0.01 ,2370590.56 
886,118296.73 ,295916.82 ,100.00 ,118296.73 ,0.01 ,2375947.62 
887,118563.74 ,296584.35 ,100.00 ,118563.74 ,0.01 ,2381310.72 
888,118831.05 ,297252.64 ,100.00 ,118831.05 ,0.01 ,2386679.87 
889,119098.67 ,297921.68 ,100.00 ,119098.67 ,0.01 ,2392055.06 
890,119366.59 ,298591.47 ,100.00 ,119366.59 ,0.01 ,2397436.30 
891,119634.80 ,299262.01 ,100.00 ,119634.80 ,0.01 ,2402823.59 
892,119903.32 ,299933.31 ,100.00 ,119903.32 ,0.01 ,2408216.92 
893,120172.14 ,300605.36 ,100.00 ,120172.14 ,0.01 ,2413616.30 
894,120441.26 ,301278.16 ,100.00 ,120441.26 ,0.01 ,2419021.72 
895,120710.69 ,301951.72 ,100.00 ,120710.69 ,0.01 ,2424433.19 
896,120980.41 ,302626.02 ,100.00 ,120980.41 ,0.01 ,2429850.71 
897,121250.43 ,303301.08 ,100.00 ,121250.43 ,0.01 ,2435274.28 
898,121520.76 ,303976.89 ,100.00 ,121520.76 ,0.01 ,2440703.89 
899,121791.38 ,304653.46 ,100.00 ,121791.38 ,0.01 ,2446139.54 
900,122062.31 ,305330.78 ,100.00 ,122062.31 ,0.01 ,2451581.25 
901,122333.54 ,306008.85 ,100.00 ,122333.54 ,0.01 ,2457029.00 
902,122605.07 ,306687.67 ,100.00 ,122605.07 ,0.01 ,2462482.79 
903,122876.90 ,307367.24 ,100.00 ,122876.90 ,0.01 ,2467942.63 
904,123149.03 ,308047.57 ,100.00 ,123149.03 ,0.01 ,2473408.52 
905,123421.46 ,308728.65 ,100.00 ,123421.46 ,0.01 ,2478880.46 
906,123694.19 ,309410.49 ,100.00 ,123694.19 ,0.01 ,2484358.44 
907,123967.23 ,310093.07 ,100.00 ,123967.23 ,0.01 ,2489842.47 
908,124240.56 ,310776.41 ,100.00 ,124240.56 ,0.01 ,2495332.54 
909,124514.20 ,311460.50 ,100.00 ,124514.20 ,0.01 ,2500828.66 
910,124788.14 ,312145.34 ,100.00 ,124788.14 ,0.01 ,2506330.83 
911,125062.38 ,312830.94 ,100.00 ,125062.38 ,0.01 ,2511839.04 
912,125336.92 ,313517.29 ,100.00 ,125336.92 ,0.01 ,2517353.30 
913,125611.76 ,314204.39 ,100.00 ,125611.76 ,0.01 ,2522873.60 
914,125886.90 ,314892.24 ,100.00 ,125886.90 ,0.01 ,2528399.96 
915,126162.34 ,315580.85 ,100.00 ,126162.34 ,0.01 ,2533932.35 
916,126438.08 ,316270.21 ,100.00 ,126438.08 ,0.01 ,2539470.80 
917,126714.13 ,316960.32 ,100.00 ,126714.13 ,0.01 ,2545015.29 
918,126990.47 ,317651.18 ,100.00 ,126990.47 ,0.01 ,2550565.83 
919,127267.12 ,318342.80 ,100.00 ,127267.12 ,0.01 ,2556122.41 
920,127544.07 ,319035.17 ,100.00 ,127544.07 ,0.01 ,2561685.04 
921,127821.32 ,319728.29 ,100.00 ,127821.32 ,0.01 ,2567253.72 
922,128098.87 ,320422.16 ,100.00 ,128098.87 ,0.01 ,2572828.44 
923,128376.72 ,321116.79 ,100.00 ,128376.72 ,0.01 ,2578409.21 
924,128654.87 ,321812.17 ,100.00 ,128654.87 ,0.01 ,2583996.02 
925,128933.32 ,322508.30 ,100.00 ,128933.32 ,0.01 ,2589588.89 
926,129212.07 ,323205.19 ,100.00 ,129212.07 ,0.01 ,2595187.79 
927,129491.13 ,323902.82 ,100.00 ,129491.13 ,0.01 ,2600792.75 
928,129770.48 ,324601.21 ,100.00 ,129770.48 ,0.01 ,2606403.75 
929,130050.14 ,325300.35 ,100.00 ,130050.14 ,0.01 ,2612020.80 
930,130330.10 ,326000.25 ,100.00 ,130330.10 ,0.01 ,2617643.89 
931,130610.36 ,326700.90 ,100.00 ,130610.36 ,0.01 ,2623273.03 
932,130890.92 ,327402.30 ,100.00 ,130890.92 ,0.01 ,2628908.21 
933,131171.78 ,328104.45 ,100.00 ,131171.78 ,0.01 ,2634549.45 
934,131452.94 ,328807.35 ,100.00 ,131452.94 ,0.01 ,2640196.73 
935,131734.40 ,329511.01 ,100.00 ,131734.40 ,0.01 ,2645850.05 
936,132016.17 ,330215.42 ,100.00 ,132016.17 ,0.01 ,2651509.42 
937,132298.23 ,330920.58 ,100.00 ,132298.23 ,0.01 ,2657174.84 
938,132580.60 ,331626.50 ,100.00 ,132580.60 ,0.01 ,2662846.30 
939,132863.27 ,332333.17 ,100.00 ,132863.27 ,0.01 ,2668523.81 
940,133146.24 ,333040.59 ,100.00 ,133146.24 ,0.01 ,2674207.37 
941,133429.50 ,333748.76 ,100.00 ,133429.50 ,0.01 ,2679896.97 
942,133713.07 ,334457.69 ,100.00 ,133713.07 ,0.01 ,2685592.62 
943,133996.95 ,335167.36 ,100.00 ,133996.95 ,0.01 ,2691294.32 
944,134281.12 ,335877.80 ,100.00 ,134281.12 ,0.01 ,2697002.06 
945,134565.59 ,336588.98 ,100.00 ,134565.59 ,0.01 ,2702715.85 
946,134850.37 ,337300.91 ,100.00 ,134850.37 ,0.01 ,2708435.68 
947,135135.44 ,338013.60 ,100.00 ,135135.44 ,0.01 ,2714161.56 
948,135420.82 ,338727.04 ,100.00 ,135420.82 ,0.01 ,2719893.49 
949,135706.50 ,339441.24 ,100.00 ,135706.50 ,0.01 ,2725631.47 
950,135992.47 ,340156.18 ,100.00 ,135992.47 ,0.01 ,2731375.49 
951,136278.75 ,340871.88 ,100.00 ,136278.75 ,0.01 ,2737125.55 
952,136565.33 ,341588.33 ,100.00 ,136565.33 ,0.01 ,2742881.67 
953,136852.22 ,342305.54 ,100.00 ,136852.22 ,0.01 ,2748643.82 
954,137139.40 ,343023.50 ,100.00 ,137139.40 ,0.01 ,2754412.03 
955,137426.88 ,343742.20 ,100.00 ,137426.88 ,0.01 ,2760186.28 
956,137714.67 ,344461.67 ,100.00 ,137714.67 ,0.01 ,2765966.58 
957,138002.75 ,345181.88 ,100.00 ,138002.75 ,0.01 ,2771752.92 
958,138291.14 ,345902.85 ,100.00 ,138291.14 ,0.01 ,2777545.31 
959,138579.83 ,346624.57 ,100.00 ,138579.83 ,0.01 ,2783343.75 
960,138868.82 ,347347.04 ,100.00 ,138868.82 ,0.01 ,2789148.24 
961,139158.11 ,348070.26 ,100.00 ,139158.11 ,0.01 ,2794958.76 
962,139447.70 ,348794.24 ,100.00 ,139447.70 ,0.01 ,2800775.34 
963,139737.59 ,349518.97 ,100.00 ,139737.59 ,0.01 ,2806597.96 
964,140027.78 ,350244.45 ,100.00 ,140027.78 ,0.01 ,2812426.63 
965,140318.27 ,350970.69 ,100.00 ,140318.27 ,0.01 ,2818261.35 
966,140609.07 ,351697.67 ,100.00 ,140609.07 ,0.01 ,2824102.11 
967,140900.17 ,352425.41 ,100.00 ,140900.17 ,0.01 ,2829948.92 
968,141191.56 ,353153.91 ,100.00 ,141191.56 ,0.01 ,2835801.77 
969,141483.26 ,353883.15 ,100.00 ,141483.26 ,0.01 ,2841660.67 
970,141775.26 ,354613.15 ,100.00 ,141775.26 ,0.01 ,2847525.62 
971,142067.56 ,355343.90 ,100.00 ,142067.56 ,0.01 ,2853396.61 
972,142360.16 ,356075.40 ,100.00 ,142360.16 ,0.01 ,2859273.65 
973,142653.06 ,356807.66 ,100.00 ,142653.06 ,0.01 ,2865156.74 
974,142946.27 ,357540.67 ,100.00 ,142946.27 ,0.01 ,2871045.87 
975,143239.77 ,358274.43 ,100.00 ,143239.77 ,0.01 ,2876941.05 
976,143533.58 ,359008.94 ,100.00 ,143533.58 ,0.01 ,2882842.27 
977,143827.68 ,359744.21 ,100.00 ,143827.68 ,0.01 ,2888749.54 
978,144122.09 ,360480.22 ,100.00 ,144122.09 ,0.01 ,2894662.86 
979,144416.80 ,361217.00 ,100.00 ,144416.80 ,0.01 ,2900582.22 
980,144711.81 ,361954.52 ,100.00 ,144711.81 ,0.01 ,2906507.63 
981,145007.12 ,362692.80 ,100.00 ,145007.12 ,0.01 ,2912439.09 
982,145302.73 ,363431.82 ,100.00 ,145302.73 ,0.01 ,2918376.59 
983,145598.64 ,364171.60 ,100.00 ,145598.64 ,0.01 ,2924320.14 
984,145894.86 ,364912.14 ,100.00 ,145894.86 ,0.01 ,2930269.74 
985,146191.37 ,365653.43 ,100.00 ,146191.37 ,0.01 ,2936225.38 
986,146488.19 ,366395.46 ,100.00 ,146488.19 ,0.01 ,2942187.07 
987,146785.30 ,367138.26 ,100.00 ,146785.30 ,0.01 ,2948154.80 
988,147082.72 ,367881.80 ,100.00 ,147082.72 ,0.01 ,2954128.58 
989,147380.44 ,368626.10 ,100.00 ,147380.44 ,0.01 ,2960108.41 
990,147678.46 ,369371.15 ,100.00 ,147678.46 ,0.01 ,2966094.28 
991,147976.78 ,370116.95 ,100.00 ,147976.78 ,0.01 ,2972086.20 
992,148275.40 ,370863.50 ,100.00 ,148275.40 ,0.01 ,2978084.17 
993,148574.32 ,371610.81 ,100.00 ,148574.32 ,0.01 ,2984088.18 
994,148873.55 ,372358.87 ,100.00 ,148873.55 ,0.01 ,2990098.24 
995,149173.07 ,373107.68 ,100.00 ,149173.07 ,0.01 ,2996114.35 
996,149472.90 ,373857.24 ,100.00 ,149472.90 ,0.01 ,3002136.50 
997,149773.02 ,374607.56 ,100.00 ,149773.02 ,0.01 ,3008164.70 
998,150073.45 ,375358.63 ,100.00 ,150073.45 ,0.01 ,3014198.94 
999,150374.18 ,376110.45 ,100.00 ,150374.18 ,0.01 ,3020239.23 
1000,150675.21 ,376863.03 ,100.00 ,150675.21 ,0.01 ,3026285.57