Level,Attack,Health,CriticalHit,CriticalDamage,AttackSpeed,Cost,
1,50.00 ,1000.00 ,5.00 ,10.00 ,1.50 ,100.00 ,
2,50.60 ,1001.51 ,5.50 ,10.60 ,1.49 ,112.09 ,
3,51.51 ,1003.76 ,6.00 ,11.51 ,1.48 ,130.23 ,
4,52.71 ,1006.77 ,6.50 ,12.71 ,1.47 ,154.42 ,
5,54.21 ,1010.54 ,7.00 ,14.21 ,1.46 ,184.65 ,
6,56.02 ,1015.05 ,7.50 ,16.02 ,1.45 ,220.93 ,
7,58.13 ,1020.32 ,8.00 ,18.13 ,1.44 ,263.25 ,
8,60.54 ,1026.34 ,8.50 ,20.54 ,1.43 ,311.62 ,
9,63.25 ,1033.11 ,9.00 ,23.25 ,1.42 ,366.04 ,
10,66.26 ,1040.64 ,9.50 ,26.26 ,1.41 ,426.50 ,
11,69.57 ,1048.92 ,10.00 ,29.57 ,1.40 ,493.01 ,
12,73.18 ,1057.95 ,10.50 ,33.18 ,1.39 ,565.57 ,
13,77.09 ,1067.73 ,11.00 ,37.09 ,1.38 ,644.17 ,
14,81.31 ,1078.27 ,11.50 ,41.31 ,1.37 ,728.82 ,
15,85.82 ,1089.56 ,12.00 ,45.82 ,1.36 ,819.51 ,
16,90.64 ,1101.60 ,12.50 ,50.64 ,1.35 ,916.26 ,
17,95.76 ,1114.39 ,13.00 ,55.76 ,1.34 ,1019.04 ,
18,101.18 ,1127.94 ,13.50 ,61.18 ,1.33 ,1127.88 ,
19,106.89 ,1142.24 ,14.00 ,66.89 ,1.32 ,1242.76 ,
20,112.92 ,1157.29 ,14.50 ,72.92 ,1.31 ,1363.68 ,
21,119.24 ,1173.09 ,15.00 ,79.24 ,1.30 ,1490.66 ,
22,125.86 ,1189.65 ,15.50 ,85.86 ,1.29 ,1623.68 ,
23,132.78 ,1206.96 ,16.00 ,92.78 ,1.28 ,1762.74 ,
24,140.01 ,1225.02 ,16.50 ,100.01 ,1.27 ,1907.85 ,
25,147.53 ,1243.83 ,17.00 ,107.53 ,1.26 ,2059.01 ,
26,155.36 ,1263.40 ,17.50 ,115.36 ,1.25 ,2216.22 ,
27,163.49 ,1283.72 ,18.00 ,123.49 ,1.24 ,2379.47 ,
28,171.92 ,1304.79 ,18.50 ,131.92 ,1.23 ,2548.77 ,
29,180.65 ,1326.62 ,19.00 ,140.65 ,1.22 ,2724.11 ,
30,189.68 ,1349.19 ,19.50 ,149.68 ,1.21 ,2905.50 ,
31,199.01 ,1372.52 ,20.00 ,159.01 ,1.20 ,3092.94 ,
32,208.64 ,1396.61 ,20.50 ,168.64 ,1.19 ,3286.42 ,
33,218.58 ,1421.44 ,21.00 ,178.58 ,1.18 ,3485.95 ,
34,228.81 ,1447.03 ,21.50 ,188.81 ,1.17 ,3691.52 ,
35,239.35 ,1473.37 ,22.00 ,199.35 ,1.16 ,3903.15 ,
36,250.18 ,1500.46 ,22.50 ,210.18 ,1.15 ,4120.81 ,
37,261.32 ,1528.31 ,23.00 ,221.32 ,1.14 ,4344.53 ,
38,272.76 ,1556.91 ,23.50 ,232.76 ,1.13 ,4574.29 ,
39,284.50 ,1586.26 ,24.00 ,244.50 ,1.12 ,4810.10 ,
40,296.54 ,1616.36 ,24.50 ,256.54 ,1.11 ,5051.95 ,
41,308.89 ,1647.21 ,25.00 ,268.89 ,1.10 ,5299.85 ,
42,321.53 ,1678.82 ,25.50 ,281.53 ,1.09 ,5553.80 ,
43,334.47 ,1711.18 ,26.00 ,294.47 ,1.08 ,5813.79 ,
44,347.72 ,1744.30 ,26.50 ,307.72 ,1.07 ,6079.83 ,
45,361.27 ,1778.16 ,27.00 ,321.27 ,1.06 ,6351.91 ,
46,375.11 ,1812.78 ,27.50 ,335.11 ,1.05 ,6630.04 ,
47,389.26 ,1848.15 ,28.00 ,349.26 ,1.04 ,6914.22 ,
48,403.71 ,1884.28 ,28.50 ,363.71 ,1.03 ,7204.45 ,
49,418.46 ,1921.15 ,29.00 ,378.46 ,1.02 ,7500.72 ,
50,433.51 ,1958.78 ,29.50 ,393.51 ,1.01 ,7803.03 ,
51,448.86 ,1997.16 ,30.00 ,408.86 ,1.00 ,8111.40 ,
52,464.52 ,2036.30 ,30.50 ,424.52 ,0.99 ,8425.81 ,
53,480.47 ,2076.18 ,31.00 ,440.47 ,0.98 ,8746.26 ,
54,496.73 ,2116.82 ,31.50 ,456.73 ,0.97 ,9072.76 ,
55,513.29 ,2158.21 ,32.00 ,473.29 ,0.96 ,9405.31 ,
56,530.14 ,2200.36 ,32.50 ,490.14 ,0.95 ,9743.91 ,
57,547.30 ,2243.25 ,33.00 ,507.30 ,0.94 ,10088.55 ,
58,564.76 ,2286.90 ,33.50 ,524.76 ,0.93 ,10439.24 ,
59,582.52 ,2331.31 ,34.00 ,542.52 ,0.92 ,10795.97 ,
60,600.58 ,2376.46 ,34.50 ,560.58 ,0.91 ,11158.75 ,
61,618.95 ,2422.37 ,35.00 ,578.95 ,0.90 ,11527.58 ,
62,637.61 ,2469.03 ,35.50 ,597.61 ,0.89 ,11902.45 ,
63,656.58 ,2516.44 ,36.00 ,616.58 ,0.88 ,12283.37 ,
64,675.84 ,2564.60 ,36.50 ,635.84 ,0.87 ,12670.33 ,
65,695.41 ,2613.52 ,37.00 ,655.41 ,0.86 ,13063.35 ,
66,715.28 ,2663.19 ,37.50 ,675.28 ,0.85 ,13462.40 ,
67,735.45 ,2713.61 ,38.00 ,695.45 ,0.84 ,13867.51 ,
68,755.92 ,2764.79 ,38.50 ,715.92 ,0.83 ,14278.66 ,
69,776.69 ,2816.72 ,39.00 ,736.69 ,0.82 ,14695.86 ,
70,797.76 ,2869.40 ,39.50 ,757.76 ,0.81 ,15119.10 ,
71,819.13 ,2922.83 ,40.00 ,779.13 ,0.80 ,15548.39 ,
72,840.81 ,2977.01 ,40.50 ,800.81 ,0.79 ,15983.73 ,
73,862.78 ,3031.95 ,41.00 ,822.78 ,0.78 ,16425.11 ,
74,885.06 ,3087.64 ,41.50 ,845.06 ,0.77 ,16872.54 ,
75,907.63 ,3144.09 ,42.00 ,867.63 ,0.76 ,17326.01 ,
76,930.51 ,3201.28 ,42.50 ,890.51 ,0.75 ,17785.54 ,
77,953.69 ,3259.23 ,43.00 ,913.69 ,0.74 ,18251.10 ,
78,977.17 ,3317.93 ,43.50 ,937.17 ,0.73 ,18722.72 ,
79,1000.95 ,3377.38 ,44.00 ,960.95 ,0.72 ,19200.38 ,
80,1025.04 ,3437.59 ,44.50 ,985.04 ,0.71 ,19684.09 ,
81,1049.42 ,3498.55 ,45.00 ,1009.42 ,0.70 ,20173.84 ,
82,1074.10 ,3560.26 ,45.50 ,1034.10 ,0.69 ,20669.64 ,
83,1099.09 ,3622.72 ,46.00 ,1059.09 ,0.68 ,21171.48 ,
84,1124.38 ,3685.94 ,46.50 ,1084.38 ,0.67 ,21679.38 ,
85,1149.96 ,3749.91 ,47.00 ,1109.96 ,0.66 ,22193.32 ,
86,1175.85 ,3814.63 ,47.50 ,1135.85 ,0.65 ,22713.30 ,
87,1202.04 ,3880.10 ,48.00 ,1162.04 ,0.64 ,23239.33 ,
88,1228.53 ,3946.33 ,48.50 ,1188.53 ,0.63 ,23771.41 ,
89,1255.32 ,4013.31 ,49.00 ,1215.32 ,0.62 ,24309.53 ,
90,1282.42 ,4081.04 ,49.50 ,1242.42 ,0.61 ,24853.70 ,
91,1309.81 ,4149.53 ,50.00 ,1269.81 ,0.60 ,25403.92 ,
92,1337.51 ,4218.76 ,50.50 ,1297.51 ,0.59 ,25960.18 ,
93,1365.50 ,4288.75 ,51.00 ,1325.50 ,0.58 ,26522.49 ,
94,1393.80 ,4359.49 ,51.50 ,1353.80 ,0.57 ,27090.85 ,
95,1422.40 ,4430.99 ,52.00 ,1382.40 ,0.56 ,27665.25 ,
96,1451.29 ,4503.24 ,52.50 ,1411.29 ,0.55 ,28245.70 ,
97,1480.49 ,4576.24 ,53.00 ,1440.49 ,0.54 ,28832.19 ,
98,1510.00 ,4649.99 ,53.50 ,1470.00 ,0.53 ,29424.73 ,
99,1539.80 ,4724.49 ,54.00 ,1499.80 ,0.52 ,30023.32 ,
100,1569.90 ,4799.75 ,54.50 ,1529.90 ,0.51 ,30627.95 ,
101,1600.30 ,4875.76 ,55.00 ,1560.30 ,0.50 ,31238.63 ,
102,1631.01 ,4952.52 ,55.50 ,1591.01 ,0.49 ,31855.36 ,
103,1662.02 ,5030.04 ,56.00 ,1622.02 ,0.48 ,32478.13 ,
104,1693.32 ,5108.31 ,56.50 ,1653.32 ,0.47 ,33106.95 ,
105,1724.93 ,5187.33 ,57.00 ,1684.93 ,0.46 ,33741.82 ,
106,1756.84 ,5267.10 ,57.50 ,1716.84 ,0.45 ,34382.73 ,
107,1789.05 ,5347.63 ,58.00 ,1749.05 ,0.44 ,35029.69 ,
108,1821.56 ,5428.90 ,58.50 ,1781.56 ,0.43 ,35682.69 ,
109,1854.37 ,5510.93 ,59.00 ,1814.37 ,0.42 ,36341.74 ,
110,1887.49 ,5593.72 ,59.50 ,1847.49 ,0.41 ,37006.84 ,
111,1920.90 ,5677.25 ,60.00 ,1880.90 ,0.40 ,37677.98 ,
112,1954.62 ,5761.54 ,60.50 ,1914.62 ,0.39 ,38355.17 ,
113,1988.63 ,5846.58 ,61.00 ,1948.63 ,0.38 ,39038.41 ,
114,2022.95 ,5932.38 ,61.50 ,1982.95 ,0.37 ,39727.69 ,
115,2057.57 ,6018.92 ,62.00 ,2017.57 ,0.36 ,40423.02 ,
116,2092.49 ,6106.22 ,62.50 ,2052.49 ,0.35 ,41124.40 ,
117,2127.71 ,6194.27 ,63.00 ,2087.71 ,0.34 ,41831.82 ,
118,2163.23 ,6283.08 ,63.50 ,2123.23 ,0.33 ,42545.28 ,
119,2199.05 ,6372.63 ,64.00 ,2159.05 ,0.32 ,43264.80 ,
120,2235.18 ,6462.94 ,64.50 ,2195.18 ,0.31 ,43990.36 ,
121,2271.60 ,6554.00 ,65.00 ,2231.60 ,0.30 ,44721.97 ,
122,2308.33 ,6645.82 ,65.50 ,2268.33 ,0.29 ,45459.62 ,
123,2345.35 ,6738.38 ,66.00 ,2305.35 ,0.28 ,46203.32 ,
124,2382.68 ,6831.70 ,66.50 ,2342.68 ,0.27 ,46953.06 ,
125,2420.31 ,6925.78 ,67.00 ,2380.31 ,0.26 ,47708.86 ,
126,2458.24 ,7020.60 ,67.50 ,2418.24 ,0.25 ,48470.70 ,
127,2496.47 ,7116.18 ,68.00 ,2456.47 ,0.24 ,49238.58 ,
128,2535.00 ,7212.51 ,68.50 ,2495.00 ,0.23 ,50012.51 ,
129,2573.84 ,7309.59 ,69.00 ,2533.84 ,0.22 ,50792.49 ,
130,2612.97 ,7407.42 ,69.50 ,2572.97 ,0.21 ,51578.51 ,
131,2652.40 ,7506.01 ,70.00 ,2612.40 ,0.20 ,52370.58 ,
132,2692.14 ,7605.35 ,70.50 ,2652.14 ,0.19 ,53168.70 ,
133,2732.18 ,7705.44 ,71.00 ,2692.18 ,0.18 ,53972.86 ,
134,2772.52 ,7806.29 ,71.50 ,2732.52 ,0.17 ,54783.07 ,
135,2813.15 ,7907.89 ,72.00 ,2773.15 ,0.16 ,55599.33 ,
136,2854.09 ,8010.24 ,72.50 ,2814.09 ,0.15 ,56421.63 ,
137,2895.34 ,8113.34 ,73.00 ,2855.34 ,0.14 ,57249.98 ,
138,2936.88 ,8217.19 ,73.50 ,2896.88 ,0.13 ,58084.37 ,
139,2978.72 ,8321.80 ,74.00 ,2938.72 ,0.12 ,58924.81 ,
140,3020.87 ,8427.16 ,74.50 ,2980.87 ,0.11 ,59771.30 ,
141,3063.31 ,8533.28 ,75.00 ,3023.31 ,0.10 ,60623.83 ,
142,3106.06 ,8640.14 ,75.50 ,3066.06 ,0.09 ,61482.41 ,
143,3149.10 ,8747.76 ,76.00 ,3109.10 ,0.08 ,62347.04 ,
144,3192.45 ,8856.13 ,76.50 ,3152.45 ,0.07 ,63217.71 ,
145,3236.10 ,8965.25 ,77.00 ,3196.10 ,0.06 ,64094.43 ,
146,3280.05 ,9075.13 ,77.50 ,3240.05 ,0.05 ,64977.19 ,
147,3324.30 ,9185.76 ,78.00 ,3284.30 ,0.04 ,65866.01 ,
148,3368.86 ,9297.14 ,78.50 ,3328.86 ,0.03 ,66760.86 ,
149,3413.71 ,9409.27 ,79.00 ,3373.71 ,0.02 ,67661.77 ,
150,3458.86 ,9522.16 ,79.50 ,3418.86 ,0.01 ,68568.72 ,
151,3504.32 ,9635.80 ,80.00 ,3464.32 ,0.01 ,69481.72 ,
152,3550.08 ,9750.19 ,80.50 ,3510.08 ,0.01 ,70400.76 ,
153,3596.13 ,9865.33 ,81.00 ,3556.13 ,0.01 ,71325.85 ,
154,3642.49 ,9981.23 ,81.50 ,3602.49 ,0.01 ,72256.98 ,
155,3689.15 ,10097.88 ,82.00 ,3649.15 ,0.01 ,73194.17 ,
156,3736.11 ,10215.28 ,82.50 ,3696.11 ,0.01 ,74137.40 ,
157,3783.37 ,10333.44 ,83.00 ,3743.37 ,0.01 ,75086.67 ,
158,3830.94 ,10452.34 ,83.50 ,3790.94 ,0.01 ,76041.99 ,
159,3878.80 ,10572.00 ,84.00 ,3838.80 ,0.01 ,77003.36 ,
160,3926.97 ,10692.41 ,84.50 ,3886.97 ,0.01 ,77970.77 ,
161,3975.43 ,10813.58 ,85.00 ,3935.43 ,0.01 ,78944.23 ,
162,4024.20 ,10935.50 ,85.50 ,3984.20 ,0.01 ,79923.74 ,
163,4073.27 ,11058.16 ,86.00 ,4033.27 ,0.01 ,80909.29 ,
164,4122.63 ,11181.59 ,86.50 ,4082.63 ,0.01 ,81900.89 ,
165,4172.30 ,11305.76 ,87.00 ,4132.30 ,0.01 ,82898.54 ,
166,4222.28 ,11430.69 ,87.50 ,4182.28 ,0.01 ,83902.23 ,
167,4272.55 ,11556.37 ,88.00 ,4232.55 ,0.01 ,84911.97 ,
168,4323.12 ,11682.80 ,88.50 ,4283.12 ,0.01 ,85927.75 ,
169,4373.99 ,11809.99 ,89.00 ,4333.99 ,0.01 ,86949.58 ,
170,4425.17 ,11937.92 ,89.50 ,4385.17 ,0.01 ,87977.46 ,
171,4476.65 ,12066.62 ,90.00 ,4436.65 ,0.01 ,89011.38 ,
172,4528.42 ,12196.06 ,90.50 ,4488.42 ,0.01 ,90051.35 ,
173,4580.50 ,12326.25 ,91.00 ,4540.50 ,0.01 ,91097.37 ,
174,4632.88 ,12457.20 ,91.50 ,4592.88 ,0.01 ,92149.43 ,
175,4685.56 ,12588.90 ,92.00 ,4645.56 ,0.01 ,93207.54 ,
176,4738.54 ,12721.36 ,92.50 ,4698.54 ,0.01 ,94271.70 ,
177,4791.82 ,12854.56 ,93.00 ,4751.82 ,0.01 ,95341.90 ,
178,4845.41 ,12988.52 ,93.50 ,4805.41 ,0.01 ,96418.15 ,
179,4899.29 ,13123.23 ,94.00 ,4859.29 ,0.01 ,97500.44 ,
180,4953.48 ,13258.69 ,94.50 ,4913.48 ,0.01 ,98588.78 ,
181,5007.96 ,13394.91 ,95.00 ,4967.96 ,0.01 ,99683.17 ,
182,5062.75 ,13531.88 ,95.50 ,5022.75 ,0.01 ,100783.60 ,
183,5117.84 ,13669.60 ,96.00 ,5077.84 ,0.01 ,101890.08 ,
184,5173.23 ,13808.07 ,96.50 ,5133.23 ,0.01 ,103002.61 ,
185,5228.92 ,13947.30 ,97.00 ,5188.92 ,0.01 ,104121.18 ,
186,5284.91 ,14087.28 ,97.50 ,5244.91 ,0.01 ,105245.80 ,
187,5341.20 ,14228.01 ,98.00 ,5301.20 ,0.01 ,106376.46 ,
188,5397.80 ,14369.49 ,98.50 ,5357.80 ,0.01 ,107513.17 ,
189,5454.69 ,14511.73 ,99.00 ,5414.69 ,0.01 ,108655.93 ,
190,5511.89 ,14654.72 ,99.50 ,5471.89 ,0.01 ,109804.74 ,
191,5569.38 ,14798.46 ,100.00 ,5529.38 ,0.01 ,110959.59 ,
192,5627.18 ,14942.96 ,100.00 ,5587.18 ,0.01 ,112120.48 ,
193,5685.28 ,15088.20 ,100.00 ,5645.28 ,0.01 ,113287.43 ,
194,5743.68 ,15234.20 ,100.00 ,5703.68 ,0.01 ,114460.42 ,
195,5802.38 ,15380.96 ,100.00 ,5762.38 ,0.01 ,115639.45 ,
196,5861.38 ,15528.46 ,100.00 ,5821.38 ,0.01 ,116824.53 ,
197,5920.69 ,15676.72 ,100.00 ,5880.69 ,0.01 ,118015.66 ,
198,5980.29 ,15825.73 ,100.00 ,5940.29 ,0.01 ,119212.84 ,
199,6040.20 ,15975.49 ,100.00 ,6000.20 ,0.01 ,120416.06 ,
200,6100.40 ,16126.00 ,100.00 ,6060.40 ,0.01 ,121625.33 ,
201,6160.91 ,16277.27 ,100.00 ,6120.91 ,0.01 ,122840.64 ,
202,6221.72 ,16429.29 ,100.00 ,6181.72 ,0.01 ,124062.00 ,
203,6282.83 ,16582.07 ,100.00 ,6242.83 ,0.01 ,125289.41 ,
204,6344.24 ,16735.59 ,100.00 ,6304.24 ,0.01 ,126522.86 ,
205,6405.95 ,16889.87 ,100.00 ,6365.95 ,0.01 ,127762.36 ,
206,6467.96 ,17044.90 ,100.00 ,6427.96 ,0.01 ,129007.90 ,
207,6530.27 ,17200.68 ,100.00 ,6490.27 ,0.01 ,130259.49 ,
208,6592.89 ,17357.22 ,100.00 ,6552.89 ,0.01 ,131517.13 ,
209,6655.80 ,17514.51 ,100.00 ,6615.80 ,0.01 ,132780.82 ,
210,6719.02 ,17672.55 ,100.00 ,6679.02 ,0.01 ,134050.55 ,
211,6782.54 ,17831.34 ,100.00 ,6742.54 ,0.01 ,135326.32 ,
212,6846.35 ,17990.89 ,100.00 ,6806.35 ,0.01 ,136608.15 ,
213,6910.47 ,18151.18 ,100.00 ,6870.47 ,0.01 ,137896.02 ,
214,6974.89 ,18312.24 ,100.00 ,6934.89 ,0.01 ,139189.93 ,
215,7039.62 ,18474.04 ,100.00 ,6999.62 ,0.01 ,140489.90 ,
216,7104.64 ,18636.59 ,100.00 ,7064.64 ,0.01 ,141795.91 ,
217,7169.96 ,18799.90 ,100.00 ,7129.96 ,0.01 ,143107.96 ,
218,7235.59 ,18963.96 ,100.00 ,7195.59 ,0.01 ,144426.06 ,
219,7301.51 ,19128.78 ,100.00 ,7261.51 ,0.01 ,145750.21 ,
220,7367.74 ,19294.35 ,100.00 ,7327.74 ,0.01 ,147080.40 ,
221,7434.27 ,19460.66 ,100.00 ,7394.27 ,0.01 ,148416.64 ,
222,7501.09 ,19627.74 ,100.00 ,7461.09 ,0.01 ,149758.93 ,
223,7568.22 ,19795.56 ,100.00 ,7528.22 ,0.01 ,151107.26 ,
224,7635.65 ,19964.14 ,100.00 ,7595.65 ,0.01 ,152461.64 ,
225,7703.39 ,20133.47 ,100.00 ,7663.39 ,0.01 ,153822.07 ,
226,7771.42 ,20303.55 ,100.00 ,7731.42 ,0.01 ,155188.54 ,
227,7839.75 ,20474.38 ,100.00 ,7799.75 ,0.01 ,156561.06 ,
228,7908.39 ,20645.97 ,100.00 ,7868.39 ,0.01 ,157939.62 ,
229,7977.32 ,20818.31 ,100.00 ,7937.32 ,0.01 ,159324.24 ,
230,8046.56 ,20991.40 ,100.00 ,8006.56 ,0.01 ,160714.89 ,
231,8116.10 ,21165.25 ,100.00 ,8076.10 ,0.01 ,162111.60 ,
232,8185.94 ,21339.84 ,100.00 ,8145.94 ,0.01 ,163514.35 ,
233,8256.08 ,21515.19 ,100.00 ,8216.08 ,0.01 ,164923.14 ,
234,8326.52 ,21691.30 ,100.00 ,8286.52 ,0.01 ,166337.99 ,
235,8397.26 ,21868.15 ,100.00 ,8357.26 ,0.01 ,167758.88 ,
236,8468.30 ,22045.76 ,100.00 ,8428.30 ,0.01 ,169185.81 ,
237,8539.65 ,22224.12 ,100.00 ,8499.65 ,0.01 ,170618.79 ,
238,8611.29 ,22403.23 ,100.00 ,8571.29 ,0.01 ,172057.82 ,
239,8683.24 ,22583.10 ,100.00 ,8643.24 ,0.01 ,173502.90 ,
240,8755.49 ,22763.72 ,100.00 ,8715.49 ,0.01 ,174954.02 ,
241,8828.03 ,22945.09 ,100.00 ,8788.03 ,0.01 ,176411.18 ,
242,8900.88 ,23127.21 ,100.00 ,8860.88 ,0.01 ,177874.40 ,
243,8974.03 ,23310.09 ,100.00 ,8934.03 ,0.01 ,179343.66 ,
244,9047.49 ,23493.71 ,100.00 ,9007.49 ,0.01 ,180818.96 ,
245,9121.24 ,23678.09 ,100.00 ,9081.24 ,0.01 ,182300.32 ,
246,9195.29 ,23863.23 ,100.00 ,9155.29 ,0.01 ,183787.71 ,
247,9269.65 ,24049.11 ,100.00 ,9229.65 ,0.01 ,185281.16 ,
248,9344.30 ,24235.75 ,100.00 ,9304.30 ,0.01 ,186780.65 ,
249,9419.26 ,24423.14 ,100.00 ,9379.26 ,0.01 ,188286.19 ,
250,9494.52 ,24611.29 ,100.00 ,9454.52 ,0.01 ,189797.77 ,
251,9570.07 ,24800.18 ,100.00 ,9530.07 ,0.01 ,191315.40 ,
252,9645.93 ,24989.83 ,100.00 ,9605.93 ,0.01 ,192839.08 ,
253,9722.09 ,25180.23 ,100.00 ,9682.09 ,0.01 ,194368.80 ,
254,9798.56 ,25371.39 ,100.00 ,9758.56 ,0.01 ,195904.57 ,
255,9875.32 ,25563.30 ,100.00 ,9835.32 ,0.01 ,197446.39 ,
256,9952.38 ,25755.95 ,100.00 ,9912.38 ,0.01 ,198994.25 ,
257,10029.75 ,25949.37 ,100.00 ,9989.75 ,0.01 ,200548.16 ,
258,10107.41 ,26143.53 ,100.00 ,10067.41 ,0.01 ,202108.12 ,
259,10185.38 ,26338.45 ,100.00 ,10145.38 ,0.01 ,203674.12 ,
260,10263.65 ,26534.12 ,100.00 ,10223.65 ,0.01 ,205246.16 ,
261,10342.22 ,26730.54 ,100.00 ,10302.22 ,0.01 ,206824.26 ,
262,10421.09 ,26927.71 ,100.00 ,10381.09 ,0.01 ,208408.40 ,
263,10500.26 ,27125.64 ,100.00 ,10460.26 ,0.01 ,209998.59 ,
264,10579.73 ,27324.32 ,100.00 ,10539.73 ,0.01 ,211594.82 ,
265,10659.50 ,27523.75 ,100.00 ,10619.50 ,0.01 ,213197.10 ,
266,10739.58 ,27723.94 ,100.00 ,10699.58 ,0.01 ,214805.42 ,
267,10819.95 ,27924.88 ,100.00 ,10779.95 ,0.01 ,216419.79 ,
268,10900.63 ,28126.57 ,100.00 ,10860.63 ,0.01 ,218040.21 ,
269,10981.60 ,28329.01 ,100.00 ,10941.60 ,0.01 ,219666.68 ,
270,11062.88 ,28532.20 ,100.00 ,11022.88 ,0.01 ,221299.19 ,
271,11144.46 ,28736.15 ,100.00 ,11104.46 ,0.01 ,222937.75 ,
272,11226.34 ,28940.85 ,100.00 ,11186.34 ,0.01 ,224582.35 ,
273,11308.52 ,29146.30 ,100.00 ,11268.52 ,0.01 ,226233.00 ,
274,11391.00 ,29352.51 ,100.00 ,11351.00 ,0.01 ,227889.70 ,
275,11473.79 ,29559.47 ,100.00 ,11433.79 ,0.01 ,229552.44 ,
276,11556.87 ,29767.18 ,100.00 ,11516.87 ,0.01 ,231221.23 ,
277,11640.26 ,29975.64 ,100.00 ,11600.26 ,0.01 ,232896.06 ,
278,11723.94 ,30184.86 ,100.00 ,11683.94 ,0.01 ,234576.94 ,
279,11807.93 ,30394.83 ,100.00 ,11767.93 ,0.01 ,236263.87 ,
280,11892.22 ,30605.55 ,100.00 ,11852.22 ,0.01 ,237956.85 ,
281,11976.81 ,30817.02 ,100.00 ,11936.81 ,0.01 ,239655.87 ,
282,12061.70 ,31029.25 ,100.00 ,12021.70 ,0.01 ,241360.93 ,
283,12146.89 ,31242.23 ,100.00 ,12106.89 ,0.01 ,243072.05 ,
284,12232.38 ,31455.96 ,100.00 ,12192.38 ,0.01 ,244789.21 ,
285,12318.18 ,31670.44 ,100.00 ,12278.18 ,0.01 ,246512.41 ,
286,12404.27 ,31885.68 ,100.00 ,12364.27 ,0.01 ,248241.67 ,
287,12490.67 ,32101.67 ,100.00 ,12450.67 ,0.01 ,249976.96 ,
288,12577.36 ,32318.41 ,100.00 ,12537.36 ,0.01 ,251718.31 ,
289,12664.36 ,32535.90 ,100.00 ,12624.36 ,0.01 ,253465.70 ,
290,12751.66 ,32754.15 ,100.00 ,12711.66 ,0.01 ,255219.14 ,
291,12839.26 ,32973.15 ,100.00 ,12799.26 ,0.01 ,256978.62 ,
292,12927.16 ,33192.90 ,100.00 ,12887.16 ,0.01 ,258744.15 ,
293,13015.36 ,33413.40 ,100.00 ,12975.36 ,0.01 ,260515.73 ,
294,13103.86 ,33634.66 ,100.00 ,13063.86 ,0.01 ,262293.35 ,
295,13192.67 ,33856.67 ,100.00 ,13152.67 ,0.01 ,264077.02 ,
296,13281.77 ,34079.43 ,100.00 ,13241.77 ,0.01 ,265866.74 ,
297,13371.18 ,34302.95 ,100.00 ,13331.18 ,0.01 ,267662.50 ,
298,13460.89 ,34527.22 ,100.00 ,13420.89 ,0.01 ,269464.31 ,
299,13550.89 ,34752.24 ,100.00 ,13510.89 ,0.01 ,271272.16 ,
300,13641.20 ,34978.01 ,100.00 ,13601.20 ,0.01 ,273086.06 ,
301,13731.81 ,35204.53 ,100.00 ,13691.81 ,0.01 ,274906.01 ,
302,13822.72 ,35431.81 ,100.00 ,13782.72 ,0.01 ,276732.01 ,
303,13913.94 ,35659.84 ,100.00 ,13873.94 ,0.01 ,278564.05 ,
304,14005.45 ,35888.62 ,100.00 ,13965.45 ,0.01 ,280402.13 ,
305,14097.26 ,36118.16 ,100.00 ,14057.26 ,0.01 ,282246.26 ,
306,14189.38 ,36348.45 ,100.00 ,14149.38 ,0.01 ,284096.44 ,
307,14281.80 ,36579.49 ,100.00 ,14241.80 ,0.01 ,285952.67 ,
308,14374.51 ,36811.28 ,100.00 ,14334.51 ,0.01 ,287814.94 ,
309,14467.53 ,37043.83 ,100.00 ,14427.53 ,0.01 ,289683.26 ,
310,14560.85 ,37277.12 ,100.00 ,14520.85 ,0.01 ,291557.62 ,
311,14654.47 ,37511.18 ,100.00 ,14614.47 ,0.01 ,293438.03 ,
312,14748.39 ,37745.98 ,100.00 ,14708.39 ,0.01 ,295324.49 ,
313,14842.61 ,37981.53 ,100.00 ,14802.61 ,0.01 ,297216.99 ,
314,14937.14 ,38217.84 ,100.00 ,14897.14 ,0.01 ,299115.54 ,
315,15031.96 ,38454.90 ,100.00 ,14991.96 ,0.01 ,301020.14 ,
316,15127.09 ,38692.72 ,100.00 ,15087.09 ,0.01 ,302930.78 ,
317,15222.51 ,38931.28 ,100.00 ,15182.51 ,0.01 ,304847.47 ,
318,15318.24 ,39170.60 ,100.00 ,15278.24 ,0.01 ,306770.21 ,
319,15414.27 ,39410.67 ,100.00 ,15374.27 ,0.01 ,308698.99 ,
320,15510.60 ,39651.50 ,100.00 ,15470.60 ,0.01 ,310633.82 ,
321,15607.23 ,39893.08 ,100.00 ,15567.23 ,0.01 ,312574.69 ,
322,15704.16 ,40135.40 ,100.00 ,15664.16 ,0.01 ,314521.61 ,
323,15801.39 ,40378.49 ,100.00 ,15761.39 ,0.01 ,316474.58 ,
324,15898.93 ,40622.32 ,100.00 ,15858.93 ,0.01 ,318433.59 ,
325,15996.76 ,40866.91 ,100.00 ,15956.76 ,0.01 ,320398.65 ,
326,16094.90 ,41112.25 ,100.00 ,16054.90 ,0.01 ,322369.76 ,
327,16193.34 ,41358.34 ,100.00 ,16153.34 ,0.01 ,324346.91 ,
328,16292.07 ,41605.18 ,100.00 ,16252.07 ,0.01 ,326330.11 ,
329,16391.11 ,41852.78 ,100.00 ,16351.11 ,0.01 ,328319.35 ,
330,16490.45 ,42101.13 ,100.00 ,16450.45 ,0.01 ,330314.64 ,
331,16590.09 ,42350.23 ,100.00 ,16550.09 ,0.01 ,332315.98 ,
332,16690.04 ,42600.09 ,100.00 ,16650.04 ,0.01 ,334323.36 ,
333,16790.28 ,42850.70 ,100.00 ,16750.28 ,0.01 ,336336.79 ,
334,16890.82 ,43102.06 ,100.00 ,16850.82 ,0.01 ,338356.27 ,
335,16991.67 ,43354.17 ,100.00 ,16951.67 ,0.01 ,340381.79 ,
336,17092.81 ,43607.03 ,100.00 ,17052.81 ,0.01 ,342413.36 ,
337,17194.26 ,43860.65 ,100.00 ,17154.26 ,0.01 ,344450.98 ,
338,17296.01 ,44115.02 ,100.00 ,17256.01 ,0.01 ,346494.64 ,
339,17398.06 ,44370.14 ,100.00 ,17358.06 ,0.01 ,348544.35 ,
340,17500.41 ,44626.02 ,100.00 ,17460.41 ,0.01 ,350600.10 ,
341,17603.06 ,44882.65 ,100.00 ,17563.06 ,0.01 ,352661.90 ,
342,17706.01 ,45140.03 ,100.00 ,17666.01 ,0.01 ,354729.75 ,
343,17809.26 ,45398.16 ,100.00 ,17769.26 ,0.01 ,356803.64 ,
344,17912.82 ,45657.05 ,100.00 ,17872.82 ,0.01 ,358883.58 ,
345,18016.67 ,45916.69 ,100.00 ,17976.67 ,0.01 ,360969.57 ,
346,18120.83 ,46177.08 ,100.00 ,18080.83 ,0.01 ,363061.60 ,
347,18225.29 ,46438.22 ,100.00 ,18185.29 ,0.01 ,365159.68 ,
348,18330.05 ,46700.12 ,100.00 ,18290.05 ,0.01 ,367263.81 ,
349,18435.11 ,46962.76 ,100.00 ,18395.11 ,0.01 ,369373.98 ,
350,18540.47 ,47226.17 ,100.00 ,18500.47 ,0.01 ,371490.20 ,
351,18646.13 ,47490.32 ,100.00 ,18606.13 ,0.01 ,373612.46 ,
352,18752.09 ,47755.23 ,100.00 ,18712.09 ,0.01 ,375740.77 ,
353,18858.35 ,48020.89 ,100.00 ,18818.35 ,0.01 ,377875.13 ,
354,18964.92 ,48287.30 ,100.00 ,18924.92 ,0.01 ,380015.53 ,
355,19071.78 ,48554.46 ,100.00 ,19031.78 ,0.01 ,382161.98 ,
356,19178.95 ,48822.38 ,100.00 ,19138.95 ,0.01 ,384314.48 ,
357,19286.42 ,49091.05 ,100.00 ,19246.42 ,0.01 ,386473.02 ,
358,19394.19 ,49360.47 ,100.00 ,19354.19 ,0.01 ,388637.61 ,
359,19502.26 ,49630.64 ,100.00 ,19462.26 ,0.01 ,390808.24 ,
360,19610.63 ,49901.57 ,100.00 ,19570.63 ,0.01 ,392984.92 ,
361,19719.30 ,50173.25 ,100.00 ,19679.30 ,0.01 ,395167.65 ,
362,19828.27 ,50445.68 ,100.00 ,19788.27 ,0.01 ,397356.43 ,
363,19937.55 ,50718.87 ,100.00 ,19897.55 ,0.01 ,399551.25 ,
364,20047.12 ,50992.80 ,100.00 ,20007.12 ,0.01 ,401752.11 ,
365,20157.00 ,51267.49 ,100.00 ,20117.00 ,0.01 ,403959.03 ,
366,20267.17 ,51542.94 ,100.00 ,20227.17 ,0.01 ,406171.99 ,
367,20377.65 ,51819.13 ,100.00 ,20337.65 ,0.01 ,408390.99 ,
368,20488.43 ,52096.08 ,100.00 ,20448.43 ,0.01 ,410616.04 ,
369,20599.51 ,52373.78 ,100.00 ,20559.51 ,0.01 ,412847.14 ,
370,20710.89 ,52652.23 ,100.00 ,20670.89 ,0.01 ,415084.29 ,
371,20822.57 ,52931.44 ,100.00 ,20782.57 ,0.01 ,417327.48 ,
372,20934.56 ,53211.40 ,100.00 ,20894.56 ,0.01 ,419576.71 ,
373,21046.84 ,53492.11 ,100.00 ,21006.84 ,0.01 ,421832.00 ,
374,21159.43 ,53773.57 ,100.00 ,21119.43 ,0.01 ,424093.33 ,
375,21272.31 ,54055.78 ,100.00 ,21232.31 ,0.01 ,426360.70 ,
376,21385.50 ,54338.75 ,100.00 ,21345.50 ,0.01 ,428634.13 ,
377,21498.99 ,54622.47 ,100.00 ,21458.99 ,0.01 ,430913.60 ,
378,21612.78 ,54906.95 ,100.00 ,21572.78 ,0.01 ,433199.11 ,
379,21726.87 ,55192.17 ,100.00 ,21686.87 ,0.01 ,435490.67 ,
380,21841.26 ,55478.15 ,100.00 ,21801.26 ,0.01 ,437788.28 ,
381,21955.95 ,55764.88 ,100.00 ,21915.95 ,0.01 ,440091.94 ,
382,22070.95 ,56052.37 ,100.00 ,22030.95 ,0.01 ,442401.64 ,
383,22186.24 ,56340.60 ,100.00 ,22146.24 ,0.01 ,444717.38 ,
384,22301.84 ,56629.59 ,100.00 ,22261.84 ,0.01 ,447039.18 ,
385,22417.73 ,56919.33 ,100.00 ,22377.73 ,0.01 ,449367.02 ,
386,22533.93 ,57209.83 ,100.00 ,22493.93 ,0.01 ,451700.90 ,
387,22650.43 ,57501.07 ,100.00 ,22610.43 ,0.01 ,454040.83 ,
388,22767.23 ,57793.07 ,100.00 ,22727.23 ,0.01 ,456386.81 ,
389,22884.33 ,58085.82 ,100.00 ,22844.33 ,0.01 ,458738.84 ,
390,23001.73 ,58379.33 ,100.00 ,22961.73 ,0.01 ,461096.91 ,
391,23119.43 ,58673.58 ,100.00 ,23079.43 ,0.01 ,463461.03 ,
392,23237.44 ,58968.59 ,100.00 ,23197.44 ,0.01 ,465831.19 ,
393,23355.74 ,59264.36 ,100.00 ,23315.74 ,0.01 ,468207.40 ,
394,23474.35 ,59560.87 ,100.00 ,23434.35 ,0.01 ,470589.66 ,
395,23593.25 ,59858.14 ,100.00 ,23553.25 ,0.01 ,472977.96 ,
396,23712.46 ,60156.16 ,100.00 ,23672.46 ,0.01 ,475372.31 ,
397,23831.97 ,60454.93 ,100.00 ,23791.97 ,0.01 ,477772.71 ,
398,23951.78 ,60754.45 ,100.00 ,23911.78 ,0.01 ,480179.15 ,
399,24071.89 ,61054.73 ,100.00 ,24031.89 ,0.01 ,482591.64 ,
400,24192.30 ,61355.76 ,100.00 ,24152.30 ,0.01 ,485010.17 ,
401,24313.02 ,61657.54 ,100.00 ,24273.02 ,0.01 ,487434.75 ,
402,24434.03 ,61960.08 ,100.00 ,24394.03 ,0.01 ,489865.38 ,
403,24555.35 ,62263.37 ,100.00 ,24515.35 ,0.01 ,492302.05 ,
404,24676.96 ,62567.41 ,100.00 ,24636.96 ,0.01 ,494744.77 ,
405,24798.88 ,62872.20 ,100.00 ,24758.88 ,0.01 ,497193.54 ,
406,24921.10 ,63177.75 ,100.00 ,24881.10 ,0.01 ,499648.35 ,
407,25043.62 ,63484.04 ,100.00 ,25003.62 ,0.01 ,502109.21 ,
408,25166.44 ,63791.09 ,100.00 ,25126.44 ,0.01 ,504576.12 ,
409,25289.56 ,64098.90 ,100.00 ,25249.56 ,0.01 ,507049.07 ,
410,25412.98 ,64407.45 ,100.00 ,25372.98 ,0.01 ,509528.07 ,
411,25536.70 ,64716.76 ,100.00 ,25496.70 ,0.01 ,512013.11 ,
412,25660.73 ,65026.82 ,100.00 ,25620.73 ,0.01 ,514504.20 ,
413,25785.05 ,65337.64 ,100.00 ,25745.05 ,0.01 ,517001.34 ,
414,25909.68 ,65649.20 ,100.00 ,25869.68 ,0.01 ,519504.52 ,
415,26034.61 ,65961.52 ,100.00 ,25994.61 ,0.01 ,522013.75 ,
416,26159.84 ,66274.59 ,100.00 ,26119.84 ,0.01 ,524529.03 ,
417,26285.37 ,66588.42 ,100.00 ,26245.37 ,0.01 ,527050.35 ,
418,26411.20 ,66902.99 ,100.00 ,26371.20 ,0.01 ,529577.72 ,
419,26537.33 ,67218.32 ,100.00 ,26497.33 ,0.01 ,532111.14 ,
420,26663.76 ,67534.40 ,100.00 ,26623.76 ,0.01 ,534650.60 ,
421,26790.49 ,67851.24 ,100.00 ,26750.49 ,0.01 ,537196.11 ,
422,26917.53 ,68168.82 ,100.00 ,26877.53 ,0.01 ,539747.66 ,
423,27044.86 ,68487.16 ,100.00 ,27004.86 ,0.01 ,542305.26 ,
424,27172.50 ,68806.25 ,100.00 ,27132.50 ,0.01 ,544868.91 ,
425,27300.44 ,69126.10 ,100.00 ,27260.44 ,0.01 ,547438.60 ,
426,27428.68 ,69446.70 ,100.00 ,27388.68 ,0.01 ,550014.34 ,
427,27557.22 ,69768.04 ,100.00 ,27517.22 ,0.01 ,552596.13 ,
428,27686.06 ,70090.15 ,100.00 ,27646.06 ,0.01 ,555183.96 ,
429,27815.20 ,70413.00 ,100.00 ,27775.20 ,0.01 ,557777.84 ,
430,27944.64 ,70736.61 ,100.00 ,27904.64 ,0.01 ,560377.76 ,
431,28074.39 ,71060.97 ,100.00 ,28034.39 ,0.01 ,562983.73 ,
432,28204.43 ,71386.08 ,100.00 ,28164.43 ,0.01 ,565595.75 ,
433,28334.78 ,71711.95 ,100.00 ,28294.78 ,0.01 ,568213.81 ,
434,28465.43 ,72038.56 ,100.00 ,28425.43 ,0.01 ,570837.92 ,
435,28596.37 ,72365.93 ,100.00 ,28556.37 ,0.01 ,573468.08 ,
436,28727.62 ,72694.06 ,100.00 ,28687.62 ,0.01 ,576104.28 ,
437,28859.17 ,73022.93 ,100.00 ,28819.17 ,0.01 ,578746.53 ,
438,28991.02 ,73352.56 ,100.00 ,28951.02 ,0.01 ,581394.83 ,
439,29123.18 ,73682.94 ,100.00 ,29083.18 ,0.01 ,584049.17 ,
440,29255.63 ,74014.07 ,100.00 ,29215.63 ,0.01 ,586709.56 ,
441,29388.38 ,74345.96 ,100.00 ,29348.38 ,0.01 ,589375.99 ,
442,29521.44 ,74678.60 ,100.00 ,29481.44 ,0.01 ,592048.47 ,
443,29654.79 ,75011.99 ,100.00 ,29614.79 ,0.01 ,594727.00 ,
444,29788.45 ,75346.13 ,100.00 ,29748.45 ,0.01 ,597411.58 ,
445,29922.41 ,75681.03 ,100.00 ,29882.41 ,0.01 ,600102.20 ,
446,30056.67 ,76016.67 ,100.00 ,30016.67 ,0.01 ,602798.86 ,
447,30191.23 ,76353.08 ,100.00 ,30151.23 ,0.01 ,605501.57 ,
448,30326.09 ,76690.23 ,100.00 ,30286.09 ,0.01 ,608210.33 ,
449,30461.25 ,77028.14 ,100.00 ,30421.25 ,0.01 ,610925.14 ,
450,30596.72 ,77366.79 ,100.00 ,30556.72 ,0.01 ,613645.99 ,
451,30732.48 ,77706.21 ,100.00 ,30692.48 ,0.01 ,616372.89 ,
452,30868.55 ,78046.37 ,100.00 ,30828.55 ,0.01 ,619105.83 ,
453,31004.91 ,78387.29 ,100.00 ,30964.91 ,0.01 ,621844.82 ,
454,31141.58 ,78728.96 ,100.00 ,31101.58 ,0.01 ,624589.86 ,
455,31278.55 ,79071.38 ,100.00 ,31238.55 ,0.01 ,627340.94 ,
456,31415.82 ,79414.55 ,100.00 ,31375.82 ,0.01 ,630098.07 ,
457,31553.39 ,79758.48 ,100.00 ,31513.39 ,0.01 ,632861.25 ,
458,31691.26 ,80103.16 ,100.00 ,31651.26 ,0.01 ,635630.47 ,
459,31829.44 ,80448.59 ,100.00 ,31789.44 ,0.01 ,638405.74 ,
460,31967.91 ,80794.77 ,100.00 ,31927.91 ,0.01 ,641187.05 ,
461,32106.68 ,81141.71 ,100.00 ,32066.68 ,0.01 ,643974.42 ,
462,32245.76 ,81489.40 ,100.00 ,32205.76 ,0.01 ,646767.82 ,
463,32385.14 ,81837.84 ,100.00 ,32345.14 ,0.01 ,649567.28 ,
464,32524.81 ,82187.04 ,100.00 ,32484.81 ,0.01 ,652372.78 ,
465,32664.79 ,82536.98 ,100.00 ,32624.79 ,0.01 ,655184.32 ,
466,32805.07 ,82887.68 ,100.00 ,32765.07 ,0.01 ,658001.92 ,
467,32945.65 ,83239.14 ,100.00 ,32905.65 ,0.01 ,660825.56 ,
468,33086.54 ,83591.34 ,100.00 ,33046.54 ,0.01 ,663655.24 ,
469,33227.72 ,83944.30 ,100.00 ,33187.72 ,0.01 ,666490.97 ,
470,33369.20 ,84298.01 ,100.00 ,33329.20 ,0.01 ,669332.75 ,
471,33510.99 ,84652.47 ,100.00 ,33470.99 ,0.01 ,672180.58 ,
472,33653.08 ,85007.69 ,100.00 ,33613.08 ,0.01 ,675034.45 ,
473,33795.46 ,85363.66 ,100.00 ,33755.46 ,0.01 ,677894.37 ,
474,33938.15 ,85720.38 ,100.00 ,33898.15 ,0.01 ,680760.33 ,
475,34081.14 ,86077.85 ,100.00 ,34041.14 ,0.01 ,683632.34 ,
476,34224.43 ,86436.08 ,100.00 ,34184.43 ,0.01 ,686510.40 ,
477,34368.02 ,86795.05 ,100.00 ,34328.02 ,0.01 ,689394.50 ,
478,34511.91 ,87154.78 ,100.00 ,34471.91 ,0.01 ,692284.65 ,
479,34656.11 ,87515.27 ,100.00 ,34616.11 ,0.01 ,695180.84 ,
480,34800.60 ,87876.50 ,100.00 ,34760.60 ,0.01 ,698083.08 ,
481,34945.40 ,88238.49 ,100.00 ,34905.40 ,0.01 ,700991.37 ,
482,35090.49 ,88601.23 ,100.00 ,35050.49 ,0.01 ,703905.71 ,
483,35235.89 ,88964.73 ,100.00 ,35195.89 ,0.01 ,706826.09 ,
484,35381.59 ,89328.97 ,100.00 ,35341.59 ,0.01 ,709752.51 ,
485,35527.59 ,89693.97 ,100.00 ,35487.59 ,0.01 ,712684.99 ,
486,35673.89 ,90059.72 ,100.00 ,35633.89 ,0.01 ,715623.51 ,
487,35820.49 ,90426.23 ,100.00 ,35780.49 ,0.01 ,718568.07 ,
488,35967.39 ,90793.48 ,100.00 ,35927.39 ,0.01 ,721518.69 ,
489,36114.60 ,91161.49 ,100.00 ,36074.60 ,0.01 ,724475.34 ,
490,36262.10 ,91530.26 ,100.00 ,36222.10 ,0.01 ,727438.05 ,
491,36409.91 ,91899.77 ,100.00 ,36369.91 ,0.01 ,730406.80 ,
492,36558.01 ,92270.04 ,100.00 ,36518.01 ,0.01 ,733381.60 ,
493,36706.42 ,92641.06 ,100.00 ,36666.42 ,0.01 ,736362.44 ,
494,36855.13 ,93012.83 ,100.00 ,36815.13 ,0.01 ,739349.33 ,
495,37004.14 ,93385.35 ,100.00 ,36964.14 ,0.01 ,742342.27 ,
496,37153.45 ,93758.63 ,100.00 ,37113.45 ,0.01 ,745341.25 ,
497,37303.06 ,94132.66 ,100.00 ,37263.06 ,0.01 ,748346.28 ,
498,37452.98 ,94507.44 ,100.00 ,37412.98 ,0.01 ,751357.36 ,
499,37603.19 ,94882.98 ,100.00 ,37563.19 ,0.01 ,754374.48 ,
500,37753.71 ,95259.26 ,100.00 ,37713.71 ,0.01 ,757397.65 ,
501,37904.52 ,95636.30 ,100.00 ,37864.52 ,0.01 ,760426.86 ,
502,38055.64 ,96014.10 ,100.00 ,38015.64 ,0.01 ,763462.13 ,
503,38207.06 ,96392.64 ,100.00 ,38167.06 ,0.01 ,766503.43 ,
504,38358.78 ,96771.94 ,100.00 ,38318.78 ,0.01 ,769550.79 ,
505,38510.80 ,97151.99 ,100.00 ,38470.80 ,0.01 ,772604.19 ,
506,38663.12 ,97532.79 ,100.00 ,38623.12 ,0.01 ,775663.63 ,
507,38815.74 ,97914.35 ,100.00 ,38775.74 ,0.01 ,778729.13 ,
508,38968.66 ,98296.66 ,100.00 ,38928.66 ,0.01 ,781800.67 ,
509,39121.89 ,98679.72 ,100.00 ,39081.89 ,0.01 ,784878.25 ,
510,39275.41 ,99063.53 ,100.00 ,39235.41 ,0.01 ,787961.88 ,
511,39429.24 ,99448.10 ,100.00 ,39389.24 ,0.01 ,791051.56 ,
512,39583.37 ,99833.42 ,100.00 ,39543.37 ,0.01 ,794147.28 ,
513,39737.79 ,100219.49 ,100.00 ,39697.79 ,0.01 ,797249.06 ,
514,39892.52 ,100606.31 ,100.00 ,39852.52 ,0.01 ,800356.87 ,
515,40047.55 ,100993.89 ,100.00 ,40007.55 ,0.01 ,803470.74 ,
516,40202.89 ,101382.21 ,100.00 ,40162.89 ,0.01 ,806590.65 ,
517,40358.52 ,101771.30 ,100.00 ,40318.52 ,0.01 ,809716.60 ,
518,40514.45 ,102161.13 ,100.00 ,40474.45 ,0.01 ,812848.60 ,
519,40670.69 ,102551.72 ,100.00 ,40630.69 ,0.01 ,815986.65 ,
520,40827.22 ,102943.06 ,100.00 ,40787.22 ,0.01 ,819130.75 ,
521,40984.06 ,103335.15 ,100.00 ,40944.06 ,0.01 ,822280.89 ,
522,41141.20 ,103727.99 ,100.00 ,41101.20 ,0.01 ,825437.08 ,
523,41298.64 ,104121.59 ,100.00 ,41258.64 ,0.01 ,828599.31 ,
524,41456.37 ,104515.94 ,100.00 ,41416.37 ,0.01 ,831767.59 ,
525,41614.42 ,104911.04 ,100.00 ,41574.42 ,0.01 ,834941.92 ,
526,41772.76 ,105306.89 ,100.00 ,41732.76 ,0.01 ,838122.29 ,
527,41931.40 ,105703.50 ,100.00 ,41891.40 ,0.01 ,841308.71 ,
528,42090.34 ,106100.86 ,100.00 ,42050.34 ,0.01 ,844501.18 ,
529,42249.59 ,106498.97 ,100.00 ,42209.59 ,0.01 ,847699.69 ,
530,42409.13 ,106897.84 ,100.00 ,42369.13 ,0.01 ,850904.25 ,
531,42568.98 ,107297.45 ,100.00 ,42528.98 ,0.01 ,854114.85 ,
532,42729.13 ,107697.82 ,100.00 ,42689.13 ,0.01 ,857331.51 ,
533,42889.58 ,108098.95 ,100.00 ,42849.58 ,0.01 ,860554.20 ,
534,43050.33 ,108500.82 ,100.00 ,43010.33 ,0.01 ,863782.95 ,
535,43211.38 ,108903.45 ,100.00 ,43171.38 ,0.01 ,867017.74 ,
536,43372.73 ,109306.83 ,100.00 ,43332.73 ,0.01 ,870258.57 ,
537,43534.38 ,109710.96 ,100.00 ,43494.38 ,0.01 ,873505.46 ,
538,43696.34 ,110115.85 ,100.00 ,43656.34 ,0.01 ,876758.39 ,
539,43858.59 ,110521.49 ,100.00 ,43818.59 ,0.01 ,880017.36 ,
540,44021.15 ,110927.88 ,100.00 ,43981.15 ,0.01 ,883282.38 ,
541,44184.01 ,111335.02 ,100.00 ,44144.01 ,0.01 ,886553.45 ,
542,44347.17 ,111742.91 ,100.00 ,44307.17 ,0.01 ,889830.57 ,
543,44510.63 ,112151.56 ,100.00 ,44470.63 ,0.01 ,893113.73 ,
544,44674.39 ,112560.96 ,100.00 ,44634.39 ,0.01 ,896402.93 ,
545,44838.45 ,112971.12 ,100.00 ,44798.45 ,0.01 ,899698.19 ,
546,45002.81 ,113382.02 ,100.00 ,44962.81 ,0.01 ,902999.49 ,
547,45167.47 ,113793.68 ,100.00 ,45127.47 ,0.01 ,906306.83 ,
548,45332.44 ,114206.09 ,100.00 ,45292.44 ,0.01 ,909620.23 ,
549,45497.70 ,114619.26 ,100.00 ,45457.70 ,0.01 ,912939.67 ,
550,45663.27 ,115033.17 ,100.00 ,45623.27 ,0.01 ,916265.15 ,
551,45829.14 ,115447.84 ,100.00 ,45789.14 ,0.01 ,919596.68 ,
552,45995.31 ,115863.26 ,100.00 ,45955.31 ,0.01 ,922934.26 ,
553,46161.77 ,116279.44 ,100.00 ,46121.77 ,0.01 ,926277.89 ,
554,46328.55 ,116696.36 ,100.00 ,46288.55 ,0.01 ,929627.56 ,
555,46495.62 ,117114.04 ,100.00 ,46455.62 ,0.01 ,932983.27 ,
556,46662.99 ,117532.47 ,100.00 ,46622.99 ,0.01 ,936345.04 ,
557,46830.66 ,117951.66 ,100.00 ,46790.66 ,0.01 ,939712.85 ,
558,46998.64 ,118371.60 ,100.00 ,46958.64 ,0.01 ,943086.70 ,
559,47166.91 ,118792.28 ,100.00 ,47126.91 ,0.01 ,946466.60 ,
560,47335.49 ,119213.73 ,100.00 ,47295.49 ,0.01 ,949852.55 ,
561,47504.37 ,119635.92 ,100.00 ,47464.37 ,0.01 ,953244.55 ,
562,47673.55 ,120058.87 ,100.00 ,47633.55 ,0.01 ,956642.59 ,
563,47843.03 ,120482.57 ,100.00 ,47803.03 ,0.01 ,960046.68 ,
564,48012.81 ,120907.02 ,100.00 ,47972.81 ,0.01 ,963456.81 ,
565,48182.89 ,121332.23 ,100.00 ,48142.89 ,0.01 ,966872.99 ,
566,48353.27 ,121758.18 ,100.00 ,48313.27 ,0.01 ,970295.22 ,
567,48523.96 ,122184.89 ,100.00 ,48483.96 ,0.01 ,973723.49 ,
568,48694.94 ,122612.36 ,100.00 ,48654.94 ,0.01 ,977157.81 ,
569,48866.23 ,123040.57 ,100.00 ,48826.23 ,0.01 ,980598.18 ,
570,49037.82 ,123469.54 ,100.00 ,48997.82 ,0.01 ,984044.59 ,
571,49209.70 ,123899.26 ,100.00 ,49169.70 ,0.01 ,987497.05 ,
572,49381.89 ,124329.73 ,100.00 ,49341.89 ,0.01 ,990955.55 ,
573,49554.38 ,124760.96 ,100.00 ,49514.38 ,0.01 ,994420.10 ,
574,49727.17 ,125192.94 ,100.00 ,49687.17 ,0.01 ,997890.70 ,
575,49900.27 ,125625.67 ,100.00 ,49860.27 ,0.01 ,1001367.34 ,
576,50073.66 ,126059.15 ,100.00 ,50033.66 ,0.01 ,1004850.03 ,
577,50247.35 ,126493.38 ,100.00 ,50207.35 ,0.01 ,1008338.77 ,
578,50421.35 ,126928.37 ,100.00 ,50381.35 ,0.01 ,1011833.55 ,
579,50595.65 ,127364.11 ,100.00 ,50555.65 ,0.01 ,1015334.38 ,
580,50770.24 ,127800.61 ,100.00 ,50730.24 ,0.01 ,1018841.26 ,
581,50945.14 ,128237.85 ,100.00 ,50905.14 ,0.01 ,1022354.18 ,
582,51120.34 ,128675.85 ,100.00 ,51080.34 ,0.01 ,1025873.15 ,
583,51295.84 ,129114.60 ,100.00 ,51255.84 ,0.01 ,1029398.16 ,
584,51471.64 ,129554.11 ,100.00 ,51431.64 ,0.01 ,1032929.22 ,
585,51647.75 ,129994.36 ,100.00 ,51607.75 ,0.01 ,1036466.33 ,
586,51824.15 ,130435.37 ,100.00 ,51784.15 ,0.01 ,1040009.48 ,
587,52000.85 ,130877.13 ,100.00 ,51960.85 ,0.01 ,1043558.68 ,
588,52177.86 ,131319.65 ,100.00 ,52137.86 ,0.01 ,1047113.93 ,
589,52355.17 ,131762.91 ,100.00 ,52315.17 ,0.01 ,1050675.22 ,
590,52532.77 ,132206.93 ,100.00 ,52492.77 ,0.01 ,1054242.56 ,
591,52710.68 ,132651.71 ,100.00 ,52670.68 ,0.01 ,1057815.94 ,
592,52888.89 ,133097.23 ,100.00 ,52848.89 ,0.01 ,1061395.38 ,
593,53067.40 ,133543.51 ,100.00 ,53027.40 ,0.01 ,1064980.85 ,
594,53246.21 ,133990.54 ,100.00 ,53206.21 ,0.01 ,1068572.38 ,
595,53425.33 ,134438.32 ,100.00 ,53385.33 ,0.01 ,1072169.95 ,
596,53604.74 ,134886.85 ,100.00 ,53564.74 ,0.01 ,1075773.56 ,
597,53784.46 ,135336.14 ,100.00 ,53744.46 ,0.01 ,1079383.23 ,
598,53964.47 ,135786.18 ,100.00 ,53924.47 ,0.01 ,1082998.94 ,
599,54144.79 ,136236.97 ,100.00 ,54104.79 ,0.01 ,1086620.69 ,
600,54325.41 ,136688.52 ,100.00 ,54285.41 ,0.01 ,1090248.50 ,
601,54506.33 ,137140.82 ,100.00 ,54466.33 ,0.01 ,1093882.34 ,
602,54687.55 ,137593.87 ,100.00 ,54647.55 ,0.01 ,1097522.24 ,
603,54869.07 ,138047.67 ,100.00 ,54829.07 ,0.01 ,1101168.18 ,
604,55050.89 ,138502.22 ,100.00 ,55010.89 ,0.01 ,1104820.17 ,
605,55233.01 ,138957.53 ,100.00 ,55193.01 ,0.01 ,1108478.20 ,
606,55415.44 ,139413.59 ,100.00 ,55375.44 ,0.01 ,1112142.28 ,
607,55598.16 ,139870.41 ,100.00 ,55558.16 ,0.01 ,1115812.41 ,
608,55781.19 ,140327.97 ,100.00 ,55741.19 ,0.01 ,1119488.58 ,
609,55964.52 ,140786.29 ,100.00 ,55924.52 ,0.01 ,1123170.80 ,
610,56148.14 ,141245.36 ,100.00 ,56108.14 ,0.01 ,1126859.07 ,
611,56332.07 ,141705.18 ,100.00 ,56292.07 ,0.01 ,1130553.38 ,
612,56516.30 ,142165.76 ,100.00 ,56476.30 ,0.01 ,1134253.74 ,
613,56700.83 ,142627.09 ,100.00 ,56660.83 ,0.01 ,1137960.14 ,
614,56885.67 ,143089.17 ,100.00 ,56845.67 ,0.01 ,1141672.59 ,
615,57070.80 ,143552.00 ,100.00 ,57030.80 ,0.01 ,1145391.09 ,
616,57256.24 ,144015.59 ,100.00 ,57216.24 ,0.01 ,1149115.63 ,
617,57441.97 ,144479.93 ,100.00 ,57401.97 ,0.01 ,1152846.22 ,
618,57628.01 ,144945.02 ,100.00 ,57588.01 ,0.01 ,1156582.86 ,
619,57814.34 ,145410.86 ,100.00 ,57774.34 ,0.01 ,1160325.54 ,
620,58000.98 ,145877.46 ,100.00 ,57960.98 ,0.01 ,1164074.27 ,
621,58187.92 ,146344.81 ,100.00 ,58147.92 ,0.01 ,1167829.04 ,
622,58375.16 ,146812.91 ,100.00 ,58335.16 ,0.01 ,1171589.87 ,
623,58562.71 ,147281.76 ,100.00 ,58522.71 ,0.01 ,1175356.73 ,
624,58750.55 ,147751.37 ,100.00 ,58710.55 ,0.01 ,1179129.65 ,
625,58938.69 ,148221.73 ,100.00 ,58898.69 ,0.01 ,1182908.61 ,
626,59127.14 ,148692.84 ,100.00 ,59087.14 ,0.01 ,1186693.61 ,
627,59315.88 ,149164.71 ,100.00 ,59275.88 ,0.01 ,1190484.67 ,
628,59504.93 ,149637.32 ,100.00 ,59464.93 ,0.01 ,1194281.77 ,
629,59694.28 ,150110.69 ,100.00 ,59654.28 ,0.01 ,1198084.91 ,
630,59883.93 ,150584.82 ,100.00 ,59843.93 ,0.01 ,1201894.11 ,
631,60073.88 ,151059.69 ,100.00 ,60033.88 ,0.01 ,1205709.34 ,
632,60264.13 ,151535.32 ,100.00 ,60224.13 ,0.01 ,1209530.63 ,
633,60454.68 ,152011.70 ,100.00 ,60414.68 ,0.01 ,1213357.96 ,
634,60645.53 ,152488.83 ,100.00 ,60605.53 ,0.01 ,1217191.34 ,
635,60836.69 ,152966.71 ,100.00 ,60796.69 ,0.01 ,1221030.76 ,
636,61028.14 ,153445.35 ,100.00 ,60988.14 ,0.01 ,1224876.23 ,
637,61219.90 ,153924.74 ,100.00 ,61179.90 ,0.01 ,1228727.75 ,
638,61411.95 ,154404.89 ,100.00 ,61371.95 ,0.01 ,1232585.31 ,
639,61604.31 ,154885.78 ,100.00 ,61564.31 ,0.01 ,1236448.92 ,
640,61796.97 ,155367.43 ,100.00 ,61756.97 ,0.01 ,1240318.58 ,
641,61989.93 ,155849.83 ,100.00 ,61949.93 ,0.01 ,1244194.28 ,
642,62183.19 ,156332.98 ,100.00 ,62143.19 ,0.01 ,1248076.03 ,
643,62376.76 ,156816.89 ,100.00 ,62336.76 ,0.01 ,1251963.82 ,
644,62570.62 ,157301.55 ,100.00 ,62530.62 ,0.01 ,1255857.66 ,
645,62764.78 ,157786.96 ,100.00 ,62724.78 ,0.01 ,1259757.55 ,
646,62959.25 ,158273.12 ,100.00 ,62919.25 ,0.01 ,1263663.48 ,
647,63154.01 ,158760.04 ,100.00 ,63114.01 ,0.01 ,1267575.46 ,
648,63349.08 ,159247.71 ,100.00 ,63309.08 ,0.01 ,1271493.49 ,
649,63544.45 ,159736.13 ,100.00 ,63504.45 ,0.01 ,1275417.56 ,
650,63740.12 ,160225.30 ,100.00 ,63700.12 ,0.01 ,1279347.68 ,
651,63936.09 ,160715.23 ,100.00 ,63896.09 ,0.01 ,1283283.85 ,
652,64132.36 ,161205.91 ,100.00 ,64092.36 ,0.01 ,1287226.06 ,
653,64328.93 ,161697.34 ,100.00 ,64288.93 ,0.01 ,1291174.32 ,
654,64525.81 ,162189.52 ,100.00 ,64485.81 ,0.01 ,1295128.62 ,
655,64722.98 ,162682.46 ,100.00 ,64682.98 ,0.01 ,1299088.97 ,
656,64920.46 ,163176.15 ,100.00 ,64880.46 ,0.01 ,1303055.37 ,
657,65118.24 ,163670.59 ,100.00 ,65078.24 ,0.01 ,1307027.81 ,
658,65316.31 ,164165.78 ,100.00 ,65276.31 ,0.01 ,1311006.30 ,
659,65514.69 ,164661.73 ,100.00 ,65474.69 ,0.01 ,1314990.84 ,
660,65713.37 ,165158.43 ,100.00 ,65673.37 ,0.01 ,1318981.42 ,
661,65912.35 ,165655.88 ,100.00 ,65872.35 ,0.01 ,1322978.05 ,
662,66111.63 ,166154.09 ,100.00 ,66071.63 ,0.01 ,1326980.72 ,
663,66311.22 ,166653.04 ,100.00 ,66271.22 ,0.01 ,1330989.44 ,
664,66511.10 ,167152.75 ,100.00 ,66471.10 ,0.01 ,1335004.21 ,
665,66711.29 ,167653.22 ,100.00 ,66671.29 ,0.01 ,1339025.03 ,
666,66911.77 ,168154.43 ,100.00 ,66871.77 ,0.01 ,1343051.89 ,
667,67112.56 ,168656.40 ,100.00 ,67072.56 ,0.01 ,1347084.79 ,
668,67313.65 ,169159.12 ,100.00 ,67273.65 ,0.01 ,1351123.75 ,
669,67515.04 ,169662.59 ,100.00 ,67475.04 ,0.01 ,1355168.75 ,
670,67716.73 ,170166.82 ,100.00 ,67676.73 ,0.01 ,1359219.79 ,
671,67918.72 ,170671.79 ,100.00 ,67878.72 ,0.01 ,1363276.88 ,
672,68121.01 ,171177.52 ,100.00 ,68081.01 ,0.01 ,1367340.02 ,
673,68323.60 ,171684.01 ,100.00 ,68283.60 ,0.01 ,1371409.21 ,
674,68526.50 ,172191.24 ,100.00 ,68486.50 ,0.01 ,1375484.44 ,
675,68729.69 ,172699.23 ,100.00 ,68689.69 ,0.01 ,1379565.72 ,
676,68933.19 ,173207.97 ,100.00 ,68893.19 ,0.01 ,1383653.04 ,
677,69136.99 ,173717.47 ,100.00 ,69096.99 ,0.01 ,1387746.41 ,
678,69341.08 ,174227.71 ,100.00 ,69301.08 ,0.01 ,1391845.83 ,
679,69545.48 ,174738.71 ,100.00 ,69505.48 ,0.01 ,1395951.29 ,
680,69750.18 ,175250.46 ,100.00 ,69710.18 ,0.01 ,1400062.80 ,
681,69955.19 ,175762.96 ,100.00 ,69915.19 ,0.01 ,1404180.35 ,
682,70160.49 ,176276.22 ,100.00 ,70120.49 ,0.01 ,1408303.95 ,
683,70366.09 ,176790.23 ,100.00 ,70326.09 ,0.01 ,1412433.60 ,
684,70572.00 ,177304.99 ,100.00 ,70532.00 ,0.01 ,1416569.30 ,
685,70778.20 ,177820.50 ,100.00 ,70738.20 ,0.01 ,1420711.04 ,
686,70984.71 ,178336.77 ,100.00 ,70944.71 ,0.01 ,1424858.83 ,
687,71191.52 ,178853.79 ,100.00 ,71151.52 ,0.01 ,1429012.66 ,
688,71398.62 ,179371.56 ,100.00 ,71358.62 ,0.01 ,1433172.54 ,
689,71606.03 ,179890.09 ,100.00 ,71566.03 ,0.01 ,1437338.46 ,
690,71813.74 ,180409.36 ,100.00 ,71773.74 ,0.01 ,1441510.44 ,
691,72021.76 ,180929.39 ,100.00 ,71981.76 ,0.01 ,1445688.46 ,
692,72230.07 ,181450.17 ,100.00 ,72190.07 ,0.01 ,1449872.52 ,
693,72438.68 ,181971.71 ,100.00 ,72398.68 ,0.01 ,1454062.63 ,
694,72647.60 ,182493.99 ,100.00 ,72607.60 ,0.01 ,1458258.79 ,
695,72856.81 ,183017.03 ,100.00 ,72816.81 ,0.01 ,1462460.99 ,
696,73066.33 ,183540.83 ,100.00 ,73026.33 ,0.01 ,1466669.24 ,
697,73276.15 ,184065.37 ,100.00 ,73236.15 ,0.01 ,1470883.54 ,
698,73486.27 ,184590.67 ,100.00 ,73446.27 ,0.01 ,1475103.88 ,
699,73696.69 ,185116.72 ,100.00 ,73656.69 ,0.01 ,1479330.27 ,
700,73907.41 ,185643.52 ,100.00 ,73867.41 ,0.01 ,1483562.71 ,
701,74118.43 ,186171.08 ,100.00 ,74078.43 ,0.01 ,1487801.19 ,
702,74329.75 ,186699.38 ,100.00 ,74289.75 ,0.01 ,1492045.72 ,
703,74541.38 ,187228.44 ,100.00 ,74501.38 ,0.01 ,1496296.30 ,
704,74753.30 ,187758.26 ,100.00 ,74713.30 ,0.01 ,1500552.92 ,
705,74965.53 ,188288.82 ,100.00 ,74925.53 ,0.01 ,1504815.58 ,
706,75178.06 ,188820.14 ,100.00 ,75138.06 ,0.01 ,1509084.30 ,
707,75390.88 ,189352.21 ,100.00 ,75350.88 ,0.01 ,1513359.06 ,
708,75604.01 ,189885.03 ,100.00 ,75564.01 ,0.01 ,1517639.86 ,
709,75817.44 ,190418.61 ,100.00 ,75777.44 ,0.01 ,1521926.72 ,
710,76031.18 ,190952.94 ,100.00 ,75991.18 ,0.01 ,1526219.62 ,
711,76245.21 ,191488.02 ,100.00 ,76205.21 ,0.01 ,1530518.56 ,
712,76459.54 ,192023.85 ,100.00 ,76419.54 ,0.01 ,1534823.55 ,
713,76674.18 ,192560.44 ,100.00 ,76634.18 ,0.01 ,1539134.59 ,
714,76889.11 ,193097.78 ,100.00 ,76849.11 ,0.01 ,1543451.68 ,
715,77104.35 ,193635.87 ,100.00 ,77064.35 ,0.01 ,1547774.81 ,
716,77319.88 ,194174.71 ,100.00 ,77279.88 ,0.01 ,1552103.99 ,
717,77535.72 ,194714.31 ,100.00 ,77495.72 ,0.01 ,1556439.21 ,
718,77751.86 ,195254.66 ,100.00 ,77711.86 ,0.01 ,1560780.48 ,
719,77968.30 ,195795.76 ,100.00 ,77928.30 ,0.01 ,1565127.79 ,
720,78185.04 ,196337.61 ,100.00 ,78145.04 ,0.01 ,1569481.16 ,
721,78402.09 ,196880.22 ,100.00 ,78362.09 ,0.01 ,1573840.57 ,
722,78619.43 ,197423.58 ,100.00 ,78579.43 ,0.01 ,1578206.02 ,
723,78837.08 ,197967.69 ,100.00 ,78797.08 ,0.01 ,1582577.52 ,
724,79055.02 ,198512.55 ,100.00 ,79015.02 ,0.01 ,1586955.07 ,
725,79273.27 ,199058.17 ,100.00 ,79233.27 ,0.01 ,1591338.67 ,
726,79491.82 ,199604.54 ,100.00 ,79451.82 ,0.01 ,1595728.31 ,
727,79710.66 ,200151.66 ,100.00 ,79670.66 ,0.01 ,1600123.99 ,
728,79929.81 ,200699.54 ,100.00 ,79889.81 ,0.01 ,1604525.73 ,
729,80149.27 ,201248.16 ,100.00 ,80109.27 ,0.01 ,1608933.51 ,
730,80369.02 ,201797.54 ,100.00 ,80329.02 ,0.01 ,1613347.33 ,
731,80589.07 ,202347.68 ,100.00 ,80549.07 ,0.01 ,1617767.20 ,
732,80809.42 ,202898.56 ,100.00 ,80769.42 ,0.01 ,1622193.12 ,
733,81030.08 ,203450.20 ,100.00 ,80990.08 ,0.01 ,1626625.09 ,
734,81251.04 ,204002.59 ,100.00 ,81211.04 ,0.01 ,1631063.10 ,
735,81472.29 ,204555.73 ,100.00 ,81432.29 ,0.01 ,1635507.16 ,
736,81693.85 ,205109.63 ,100.00 ,81653.85 ,0.01 ,1639957.26 ,
737,81915.71 ,205664.27 ,100.00 ,81875.71 ,0.01 ,1644413.41 ,
738,82137.87 ,206219.67 ,100.00 ,82097.87 ,0.01 ,1648875.61 ,
739,82360.33 ,206775.83 ,100.00 ,82320.33 ,0.01 ,1653343.85 ,
740,82583.09 ,207332.73 ,100.00 ,82543.09 ,0.01 ,1657818.14 ,
741,82806.16 ,207890.39 ,100.00 ,82766.16 ,0.01 ,1662298.47 ,
742,83029.52 ,208448.80 ,100.00 ,82989.52 ,0.01 ,1666784.86 ,
743,83253.19 ,209007.96 ,100.00 ,83213.19 ,0.01 ,1671277.29 ,
744,83477.15 ,209567.88 ,100.00 ,83437.15 ,0.01 ,1675775.76 ,
745,83701.42 ,210128.55 ,100.00 ,83661.42 ,0.01 ,1680280.28 ,
746,83925.99 ,210689.97 ,100.00 ,83885.99 ,0.01 ,1684790.85 ,
747,84150.86 ,211252.14 ,100.00 ,84110.86 ,0.01 ,1689307.46 ,
748,84376.03 ,211815.07 ,100.00 ,84336.03 ,0.01 ,1693830.12 ,
749,84601.50 ,212378.75 ,100.00 ,84561.50 ,0.01 ,1698358.83 ,
750,84827.27 ,212943.18 ,100.00 ,84787.27 ,0.01 ,1702893.58 ,
751,85053.35 ,213508.36 ,100.00 ,85013.35 ,0.01 ,1707434.38 ,
752,85279.72 ,214074.30 ,100.00 ,85239.72 ,0.01 ,1711981.23 ,
753,85506.40 ,214640.99 ,100.00 ,85466.40 ,0.01 ,1716534.12 ,
754,85733.37 ,215208.43 ,100.00 ,85693.37 ,0.01 ,1721093.05 ,
755,85960.65 ,215776.62 ,100.00 ,85920.65 ,0.01 ,1725658.04 ,
756,86188.23 ,216345.57 ,100.00 ,86148.23 ,0.01 ,1730229.07 ,
757,86416.11 ,216915.27 ,100.00 ,86376.11 ,0.01 ,1734806.15 ,
758,86644.29 ,217485.72 ,100.00 ,86604.29 ,0.01 ,1739389.27 ,
759,86872.77 ,218056.93 ,100.00 ,86832.77 ,0.01 ,1743978.44 ,
760,87101.55 ,218628.88 ,100.00 ,87061.55 ,0.01 ,1748573.66 ,
761,87330.64 ,219201.59 ,100.00 ,87290.64 ,0.01 ,1753174.92 ,
762,87560.02 ,219775.05 ,100.00 ,87520.02 ,0.01 ,1757782.23 ,
763,87789.71 ,220349.27 ,100.00 ,87749.71 ,0.01 ,1762395.58 ,
764,88019.69 ,220924.24 ,100.00 ,87979.69 ,0.01 ,1767014.98 ,
765,88249.98 ,221499.96 ,100.00 ,88209.98 ,0.01 ,1771640.43 ,
766,88480.57 ,222076.43 ,100.00 ,88440.57 ,0.01 ,1776271.93 ,
767,88711.46 ,222653.65 ,100.00 ,88671.46 ,0.01 ,1780909.47 ,
768,88942.65 ,223231.63 ,100.00 ,88902.65 ,0.01 ,1785553.05 ,
769,89174.14 ,223810.36 ,100.00 ,89134.14 ,0.01 ,1790202.69 ,
770,89405.94 ,224389.84 ,100.00 ,89365.94 ,0.01 ,1794858.36 ,
771,89638.03 ,224970.08 ,100.00 ,89598.03 ,0.01 ,1799520.09 ,
772,89870.43 ,225551.07 ,100.00 ,89830.43 ,0.01 ,1804187.86 ,
773,90103.12 ,226132.81 ,100.00 ,90063.12 ,0.01 ,1808861.68 ,
774,90336.12 ,226715.30 ,100.00 ,90296.12 ,0.01 ,1813541.55 ,
775,90569.42 ,227298.55 ,100.00 ,90529.42 ,0.01 ,1818227.46 ,
776,90803.02 ,227882.54 ,100.00 ,90763.02 ,0.01 ,1822919.41 ,
777,91036.92 ,228467.30 ,100.00 ,90996.92 ,0.01 ,1827617.42 ,
778,91271.12 ,229052.80 ,100.00 ,91231.12 ,0.01 ,1832321.47 ,
779,91505.62 ,229639.05 ,100.00 ,91465.62 ,0.01 ,1837031.56 ,
780,91740.43 ,230226.06 ,100.00 ,91700.43 ,0.01 ,1841747.71 ,
781,91975.53 ,230813.82 ,100.00 ,91935.53 ,0.01 ,1846469.90 ,
782,92210.94 ,231402.34 ,100.00 ,92170.94 ,0.01 ,1851198.13 ,
783,92446.64 ,231991.60 ,100.00 ,92406.64 ,0.01 ,1855932.41 ,
784,92682.65 ,232581.62 ,100.00 ,92642.65 ,0.01 ,1860672.74 ,
785,92918.96 ,233172.39 ,100.00 ,92878.96 ,0.01 ,1865419.12 ,
786,93155.57 ,233763.92 ,100.00 ,93115.57 ,0.01 ,1870171.54 ,
787,93392.48 ,234356.19 ,100.00 ,93352.48 ,0.01 ,1874930.00 ,
788,93629.69 ,234949.22 ,100.00 ,93589.69 ,0.01 ,1879694.52 ,
789,93867.20 ,235543.01 ,100.00 ,93827.20 ,0.01 ,1884465.08 ,
790,94105.02 ,236137.54 ,100.00 ,94065.02 ,0.01 ,1889241.68 ,
791,94343.13 ,236732.83 ,100.00 ,94303.13 ,0.01 ,1894024.34 ,
792,94581.55 ,237328.87 ,100.00 ,94541.55 ,0.01 ,1898813.04 ,
793,94820.26 ,237925.66 ,100.00 ,94780.26 ,0.01 ,1903607.78 ,
794,95059.28 ,238523.20 ,100.00 ,95019.28 ,0.01 ,1908408.57 ,
795,95298.60 ,239121.50 ,100.00 ,95258.60 ,0.01 ,1913215.41 ,
796,95538.22 ,239720.55 ,100.00 ,95498.22 ,0.01 ,1918028.29 ,
797,95778.14 ,240320.35 ,100.00 ,95738.14 ,0.01 ,1922847.22 ,
798,96018.36 ,240920.91 ,100.00 ,95978.36 ,0.01 ,1927672.20 ,
799,96258.89 ,241522.21 ,100.00 ,96218.89 ,0.01 ,1932503.22 ,
800,96499.71 ,242124.27 ,100.00 ,96459.71 ,0.01 ,1937340.29 ,
801,96740.83 ,242727.09 ,100.00 ,96700.83 ,0.01 ,1942183.41 ,
802,96982.26 ,243330.65 ,100.00 ,96942.26 ,0.01 ,1947032.57 ,
803,97223.99 ,243934.97 ,100.00 ,97183.99 ,0.01 ,1951887.78 ,
804,97466.02 ,244540.04 ,100.00 ,97426.02 ,0.01 ,1956749.04 ,
805,97708.35 ,245145.86 ,100.00 ,97668.35 ,0.01 ,1961616.34 ,
806,97950.98 ,245752.44 ,100.00 ,97910.98 ,0.01 ,1966489.68 ,
807,98193.91 ,246359.77 ,100.00 ,98153.91 ,0.01 ,1971369.08 ,
808,98437.14 ,246967.85 ,100.00 ,98397.14 ,0.01 ,1976254.52 ,
809,98680.67 ,247576.68 ,100.00 ,98640.67 ,0.01 ,1981146.00 ,
810,98924.51 ,248186.27 ,100.00 ,98884.51 ,0.01 ,1986043.54 ,
811,99168.64 ,248796.60 ,100.00 ,99128.64 ,0.01 ,1990947.12 ,
812,99413.08 ,249407.69 ,100.00 ,99373.08 ,0.01 ,1995856.74 ,
813,99657.82 ,250019.54 ,100.00 ,99617.82 ,0.01 ,2000772.41 ,
814,99902.85 ,250632.13 ,100.00 ,99862.85 ,0.01 ,2005694.13 ,
815,100148.19 ,251245.48 ,100.00 ,100108.19 ,0.01 ,2010621.90 ,
816,100393.83 ,251859.58 ,100.00 ,100353.83 ,0.01 ,2015555.71 ,
817,100639.78 ,252474.44 ,100.00 ,100599.78 ,0.01 ,2020495.57 ,
818,100886.02 ,253090.04 ,100.00 ,100846.02 ,0.01 ,2025441.47 ,
819,101132.56 ,253706.40 ,100.00 ,101092.56 ,0.01 ,2030393.42 ,
820,101379.41 ,254323.51 ,100.00 ,101339.41 ,0.01 ,2035351.41 ,
821,101626.55 ,254941.38 ,100.00 ,101586.55 ,0.01 ,2040315.46 ,
822,101874.00 ,255560.00 ,100.00 ,101834.00 ,0.01 ,2045285.55 ,
823,102121.75 ,256179.36 ,100.00 ,102081.75 ,0.01 ,2050261.68 ,
824,102369.79 ,256799.49 ,100.00 ,102329.79 ,0.01 ,2055243.86 ,
825,102618.14 ,257420.36 ,100.00 ,102578.14 ,0.01 ,2060232.09 ,
826,102866.80 ,258041.99 ,100.00 ,102826.80 ,0.01 ,2065226.37 ,
827,103115.75 ,258664.37 ,100.00 ,103075.75 ,0.01 ,2070226.69 ,
828,103365.00 ,259287.50 ,100.00 ,103325.00 ,0.01 ,2075233.05 ,
829,103614.55 ,259911.38 ,100.00 ,103574.55 ,0.01 ,2080245.47 ,
830,103864.41 ,260536.02 ,100.00 ,103824.41 ,0.01 ,2085263.93 ,
831,104114.56 ,261161.41 ,100.00 ,104074.56 ,0.01 ,2090288.43 ,
832,104365.02 ,261787.55 ,100.00 ,104325.02 ,0.01 ,2095318.98 ,
833,104615.78 ,262414.45 ,100.00 ,104575.78 ,0.01 ,2100355.58 ,
834,104866.84 ,263042.10 ,100.00 ,104826.84 ,0.01 ,2105398.23 ,
835,105118.20 ,263670.50 ,100.00 ,105078.20 ,0.01 ,2110446.92 ,
836,105369.86 ,264299.65 ,100.00 ,105329.86 ,0.01 ,2115501.66 ,
837,105621.82 ,264929.55 ,100.00 ,105581.82 ,0.01 ,2120562.44 ,
838,105874.08 ,265560.21 ,100.00 ,105834.08 ,0.01 ,2125629.27 ,
839,106126.65 ,266191.62 ,100.00 ,106086.65 ,0.01 ,2130702.15 ,
840,106379.51 ,266823.79 ,100.00 ,106339.51 ,0.01 ,2135781.07 ,
841,106632.68 ,267456.70 ,100.00 ,106592.68 ,0.01 ,2140866.04 ,
842,106886.15 ,268090.37 ,100.00 ,106846.15 ,0.01 ,2145957.06 ,
843,107139.92 ,268724.79 ,100.00 ,107099.92 ,0.01 ,2151054.12 ,
844,107393.99 ,269359.96 ,100.00 ,107353.99 ,0.01 ,2156157.23 ,
845,107648.36 ,269995.89 ,100.00 ,107608.36 ,0.01 ,2161266.38 ,
846,107903.03 ,270632.57 ,100.00 ,107863.03 ,0.01 ,2166381.58 ,
847,108158.00 ,271270.00 ,100.00 ,108118.00 ,0.01 ,2171502.83 ,
848,108413.27 ,271908.18 ,100.00 ,108373.27 ,0.01 ,2176630.12 ,
849,108668.85 ,272547.12 ,100.00 ,108628.85 ,0.01 ,2181763.46 ,
850,108924.72 ,273186.81 ,100.00 ,108884.72 ,0.01 ,2186902.85 ,
851,109180.90 ,273827.25 ,100.00 ,109140.90 ,0.01 ,2192048.28 ,
852,109437.38 ,274468.44 ,100.00 ,109397.38 ,0.01 ,2197199.76 ,
853,109694.16 ,275110.39 ,100.00 ,109654.16 ,0.01 ,2202357.29 ,
854,109951.23 ,275753.09 ,100.00 ,109911.23 ,0.01 ,2207520.86 ,
855,110208.62 ,276396.54 ,100.00 ,110168.62 ,0.01 ,2212690.48 ,
856,110466.30 ,277040.74 ,100.00 ,110426.30 ,0.01 ,2217866.14 ,
857,110724.28 ,277685.70 ,100.00 ,110684.28 ,0.01 ,2223047.85 ,
858,110982.56 ,278331.41 ,100.00 ,110942.56 ,0.01 ,2228235.61 ,
859,111241.15 ,278977.87 ,100.00 ,111201.15 ,0.01 ,2233429.41 ,
860,111500.03 ,279625.09 ,100.00 ,111460.03 ,0.01 ,2238629.26 ,
861,111759.22 ,280273.05 ,100.00 ,111719.22 ,0.01 ,2243835.16 ,
862,112018.71 ,280921.77 ,100.00 ,111978.71 ,0.01 ,2249047.10 ,
863,112278.50 ,281571.24 ,100.00 ,112238.50 ,0.01 ,2254265.09 ,
864,112538.59 ,282221.47 ,100.00 ,112498.59 ,0.01 ,2259489.12 ,
865,112798.98 ,282872.45 ,100.00 ,112758.98 ,0.01 ,2264719.20 ,
866,113059.67 ,283524.18 ,100.00 ,113019.67 ,0.01 ,2269955.33 ,
867,113320.66 ,284176.66 ,100.00 ,113280.66 ,0.01 ,2275197.51 ,
868,113581.96 ,284829.89 ,100.00 ,113541.96 ,0.01 ,2280445.73 ,
869,113843.55 ,285483.88 ,100.00 ,113803.55 ,0.01 ,2285699.99 ,
870,114105.45 ,286138.62 ,100.00 ,114065.45 ,0.01 ,2290960.31 ,
871,114367.65 ,286794.12 ,100.00 ,114327.65 ,0.01 ,2296226.67 ,
872,114630.14 ,287450.36 ,100.00 ,114590.14 ,0.01 ,2301499.07 ,
873,114892.94 ,288107.36 ,100.00 ,114852.94 ,0.01 ,2306777.52 ,
874,115156.04 ,288765.11 ,100.00 ,115116.04 ,0.01 ,2312062.02 ,
875,115419.44 ,289423.61 ,100.00 ,115379.44 ,0.01 ,2317352.57 ,
876,115683.15 ,290082.87 ,100.00 ,115643.15 ,0.01 ,2322649.16 ,
877,115947.15 ,290742.88 ,100.00 ,115907.15 ,0.01 ,2327951.80 ,
878,116211.45 ,291403.64 ,100.00 ,116171.45 ,0.01 ,2333260.48 ,
879,116476.06 ,292065.15 ,100.00 ,116436.06 ,0.01 ,2338575.21 ,
880,116740.97 ,292727.42 ,100.00 ,116700.97 ,0.01 ,2343895.99 ,
881,117006.17 ,293390.43 ,100.00 ,116966.17 ,0.01 ,2349222.81 ,
882,117271.68 ,294054.21 ,100.00 ,117231.68 ,0.01 ,2354555.68 ,
883,117537.49 ,294718.73 ,100.00 ,117497.49 ,0.01 ,2359894.59 ,
884,117803.60 ,295384.01 ,100.00 ,117763.60 ,0.01 ,2365239.56 ,
885,118070.01 ,296050.03 ,100.00 ,118030.01 ,0.01 ,2370590.56 ,
886,118336.73 ,296716.82 ,100.00 ,118296.73 ,0.01 ,2375947.62 ,
887,118603.74 ,297384.35 ,100.00 ,118563.74 ,0.01 ,2381310.72 ,
888,118871.05 ,298052.64 ,100.00 ,118831.05 ,0.01 ,2386679.87 ,
889,119138.67 ,298721.68 ,100.00 ,119098.67 ,0.01 ,2392055.06 ,
890,119406.59 ,299391.47 ,100.00 ,119366.59 ,0.01 ,2397436.30 ,
891,119674.80 ,300062.01 ,100.00 ,119634.80 ,0.01 ,2402823.59 ,
892,119943.32 ,300733.31 ,100.00 ,119903.32 ,0.01 ,2408216.92 ,
893,120212.14 ,301405.36 ,100.00 ,120172.14 ,0.01 ,2413616.30 ,
894,120481.26 ,302078.16 ,100.00 ,120441.26 ,0.01 ,2419021.72 ,
895,120750.69 ,302751.72 ,100.00 ,120710.69 ,0.01 ,2424433.19 ,
896,121020.41 ,303426.02 ,100.00 ,120980.41 ,0.01 ,2429850.71 ,
897,121290.43 ,304101.08 ,100.00 ,121250.43 ,0.01 ,2435274.28 ,
898,121560.76 ,304776.89 ,100.00 ,121520.76 ,0.01 ,2440703.89 ,
899,121831.38 ,305453.46 ,100.00 ,121791.38 ,0.01 ,2446139.54 ,
900,122102.31 ,306130.78 ,100.00 ,122062.31 ,0.01 ,2451581.25 ,
901,122373.54 ,306808.85 ,100.00 ,122333.54 ,0.01 ,2457029.00 ,
902,122645.07 ,307487.67 ,100.00 ,122605.07 ,0.01 ,2462482.79 ,
903,122916.90 ,308167.24 ,100.00 ,122876.90 ,0.01 ,2467942.63 ,
904,123189.03 ,308847.57 ,100.00 ,123149.03 ,0.01 ,2473408.52 ,
905,123461.46 ,309528.65 ,100.00 ,123421.46 ,0.01 ,2478880.46 ,
906,123734.19 ,310210.49 ,100.00 ,123694.19 ,0.01 ,2484358.44 ,
907,124007.23 ,310893.07 ,100.00 ,123967.23 ,0.01 ,2489842.47 ,
908,124280.56 ,311576.41 ,100.00 ,124240.56 ,0.01 ,2495332.54 ,
909,124554.20 ,312260.50 ,100.00 ,124514.20 ,0.01 ,2500828.66 ,
910,124828.14 ,312945.34 ,100.00 ,124788.14 ,0.01 ,2506330.83 ,
911,125102.38 ,313630.94 ,100.00 ,125062.38 ,0.01 ,2511839.04 ,
912,125376.92 ,314317.29 ,100.00 ,125336.92 ,0.01 ,2517353.30 ,
913,125651.76 ,315004.39 ,100.00 ,125611.76 ,0.01 ,2522873.60 ,
914,125926.90 ,315692.24 ,100.00 ,125886.90 ,0.01 ,2528399.96 ,
915,126202.34 ,316380.85 ,100.00 ,126162.34 ,0.01 ,2533932.35 ,
916,126478.08 ,317070.21 ,100.00 ,126438.08 ,0.01 ,2539470.80 ,
917,126754.13 ,317760.32 ,100.00 ,126714.13 ,0.01 ,2545015.29 ,
918,127030.47 ,318451.18 ,100.00 ,126990.47 ,0.01 ,2550565.83 ,
919,127307.12 ,319142.80 ,100.00 ,127267.12 ,0.01 ,2556122.41 ,
920,127584.07 ,319835.17 ,100.00 ,127544.07 ,0.01 ,2561685.04 ,
921,127861.32 ,320528.29 ,100.00 ,127821.32 ,0.01 ,2567253.72 ,
922,128138.87 ,321222.16 ,100.00 ,128098.87 ,0.01 ,2572828.44 ,
923,128416.72 ,321916.79 ,100.00 ,128376.72 ,0.01 ,2578409.21 ,
924,128694.87 ,322612.17 ,100.00 ,128654.87 ,0.01 ,2583996.02 ,
925,128973.32 ,323308.30 ,100.00 ,128933.32 ,0.01 ,2589588.89 ,
926,129252.07 ,324005.19 ,100.00 ,129212.07 ,0.01 ,2595187.79 ,
927,129531.13 ,324702.82 ,100.00 ,129491.13 ,0.01 ,2600792.75 ,
928,129810.48 ,325401.21 ,100.00 ,129770.48 ,0.01 ,2606403.75 ,
929,130090.14 ,326100.35 ,100.00 ,130050.14 ,0.01 ,2612020.80 ,
930,130370.10 ,326800.25 ,100.00 ,130330.10 ,0.01 ,2617643.89 ,
931,130650.36 ,327500.90 ,100.00 ,130610.36 ,0.01 ,2623273.03 ,
932,130930.92 ,328202.30 ,100.00 ,130890.92 ,0.01 ,2628908.21 ,
933,131211.78 ,328904.45 ,100.00 ,131171.78 ,0.01 ,2634549.45 ,
934,131492.94 ,329607.35 ,100.00 ,131452.94 ,0.01 ,2640196.73 ,
935,131774.40 ,330311.01 ,100.00 ,131734.40 ,0.01 ,2645850.05 ,
936,132056.17 ,331015.42 ,100.00 ,132016.17 ,0.01 ,2651509.42 ,
937,132338.23 ,331720.58 ,100.00 ,132298.23 ,0.01 ,2657174.84 ,
938,132620.60 ,332426.50 ,100.00 ,132580.60 ,0.01 ,2662846.30 ,
939,132903.27 ,333133.17 ,100.00 ,132863.27 ,0.01 ,2668523.81 ,
940,133186.24 ,333840.59 ,100.00 ,133146.24 ,0.01 ,2674207.37 ,
941,133469.50 ,334548.76 ,100.00 ,133429.50 ,0.01 ,2679896.97 ,
942,133753.07 ,335257.69 ,100.00 ,133713.07 ,0.01 ,2685592.62 ,
943,134036.95 ,335967.36 ,100.00 ,133996.95 ,0.01 ,2691294.32 ,
944,134321.12 ,336677.80 ,100.00 ,134281.12 ,0.01 ,2697002.06 ,
945,134605.59 ,337388.98 ,100.00 ,134565.59 ,0.01 ,2702715.85 ,
946,134890.37 ,338100.91 ,100.00 ,134850.37 ,0.01 ,2708435.68 ,
947,135175.44 ,338813.60 ,100.00 ,135135.44 ,0.01 ,2714161.56 ,
948,135460.82 ,339527.04 ,100.00 ,135420.82 ,0.01 ,2719893.49 ,
949,135746.50 ,340241.24 ,100.00 ,135706.50 ,0.01 ,2725631.47 ,
950,136032.47 ,340956.18 ,100.00 ,135992.47 ,0.01 ,2731375.49 ,
951,136318.75 ,341671.88 ,100.00 ,136278.75 ,0.01 ,2737125.55 ,
952,136605.33 ,342388.33 ,100.00 ,136565.33 ,0.01 ,2742881.67 ,
953,136892.22 ,343105.54 ,100.00 ,136852.22 ,0.01 ,2748643.82 ,
954,137179.40 ,343823.50 ,100.00 ,137139.40 ,0.01 ,2754412.03 ,
955,137466.88 ,344542.20 ,100.00 ,137426.88 ,0.01 ,2760186.28 ,
956,137754.67 ,345261.67 ,100.00 ,137714.67 ,0.01 ,2765966.58 ,
957,138042.75 ,345981.88 ,100.00 ,138002.75 ,0.01 ,2771752.92 ,
958,138331.14 ,346702.85 ,100.00 ,138291.14 ,0.01 ,2777545.31 ,
959,138619.83 ,347424.57 ,100.00 ,138579.83 ,0.01 ,2783343.75 ,
960,138908.82 ,348147.04 ,100.00 ,138868.82 ,0.01 ,2789148.24 ,
961,139198.11 ,348870.26 ,100.00 ,139158.11 ,0.01 ,2794958.76 ,
962,139487.70 ,349594.24 ,100.00 ,139447.70 ,0.01 ,2800775.34 ,
963,139777.59 ,350318.97 ,100.00 ,139737.59 ,0.01 ,2806597.96 ,
964,140067.78 ,351044.45 ,100.00 ,140027.78 ,0.01 ,2812426.63 ,
965,140358.27 ,351770.69 ,100.00 ,140318.27 ,0.01 ,2818261.35 ,
966,140649.07 ,352497.67 ,100.00 ,140609.07 ,0.01 ,2824102.11 ,
967,140940.17 ,353225.41 ,100.00 ,140900.17 ,0.01 ,2829948.92 ,
968,141231.56 ,353953.91 ,100.00 ,141191.56 ,0.01 ,2835801.77 ,
969,141523.26 ,354683.15 ,100.00 ,141483.26 ,0.01 ,2841660.67 ,
970,141815.26 ,355413.15 ,100.00 ,141775.26 ,0.01 ,2847525.62 ,
971,142107.56 ,356143.90 ,100.00 ,142067.56 ,0.01 ,2853396.61 ,
972,142400.16 ,356875.40 ,100.00 ,142360.16 ,0.01 ,2859273.65 ,
973,142693.06 ,357607.66 ,100.00 ,142653.06 ,0.01 ,2865156.74 ,
974,142986.27 ,358340.67 ,100.00 ,142946.27 ,0.01 ,2871045.87 ,
975,143279.77 ,359074.43 ,100.00 ,143239.77 ,0.01 ,2876941.05 ,
976,143573.58 ,359808.94 ,100.00 ,143533.58 ,0.01 ,2882842.27 ,
977,143867.68 ,360544.21 ,100.00 ,143827.68 ,0.01 ,2888749.54 ,
978,144162.09 ,361280.22 ,100.00 ,144122.09 ,0.01 ,2894662.86 ,
979,144456.80 ,362017.00 ,100.00 ,144416.80 ,0.01 ,2900582.22 ,
980,144751.81 ,362754.52 ,100.00 ,144711.81 ,0.01 ,2906507.63 ,
981,145047.12 ,363492.80 ,100.00 ,145007.12 ,0.01 ,2912439.09 ,
982,145342.73 ,364231.82 ,100.00 ,145302.73 ,0.01 ,2918376.59 ,
983,145638.64 ,364971.60 ,100.00 ,145598.64 ,0.01 ,2924320.14 ,
984,145934.86 ,365712.14 ,100.00 ,145894.86 ,0.01 ,2930269.74 ,
985,146231.37 ,366453.43 ,100.00 ,146191.37 ,0.01 ,2936225.38 ,
986,146528.19 ,367195.46 ,100.00 ,146488.19 ,0.01 ,2942187.07 ,
987,146825.30 ,367938.26 ,100.00 ,146785.30 ,0.01 ,2948154.80 ,
988,147122.72 ,368681.80 ,100.00 ,147082.72 ,0.01 ,2954128.58 ,
989,147420.44 ,369426.10 ,100.00 ,147380.44 ,0.01 ,2960108.41 ,
990,147718.46 ,370171.15 ,100.00 ,147678.46 ,0.01 ,2966094.28 ,
991,148016.78 ,370916.95 ,100.00 ,147976.78 ,0.01 ,2972086.20 ,
992,148315.40 ,371663.50 ,100.00 ,148275.40 ,0.01 ,2978084.17 ,
993,148614.32 ,372410.81 ,100.00 ,148574.32 ,0.01 ,2984088.18 ,
994,148913.55 ,373158.87 ,100.00 ,148873.55 ,0.01 ,2990098.24 ,
995,149213.07 ,373907.68 ,100.00 ,149173.07 ,0.01 ,2996114.35 ,
996,149512.90 ,374657.24 ,100.00 ,149472.90 ,0.01 ,3002136.50 ,
997,149813.02 ,375407.56 ,100.00 ,149773.02 ,0.01 ,3008164.70 ,
998,150113.45 ,376158.63 ,100.00 ,150073.45 ,0.01 ,3014198.94 ,
999,150414.18 ,376910.45 ,100.00 ,150374.18 ,0.01 ,3020239.23 ,
1000,150715.21 ,377663.03 ,100.00 ,150675.21 ,0.01 ,3026285.57 ,
,,,,,,,
,,,,,,,
,,,,,,,
,,,,,,,
,,,,,,,
,,,,,,,
,,,,,,,
,,,,,,,
,,,,,,,
,,,,,,,
,,,,,,,
,,,,,,,
,,,,,,,
,,,,,,,
,,,,,,,
,,,,,,,
,,,,,,,
,,,,,,,
,,,,,,,
,,,,,,,
,,,,,,,
,,,,,,,
,,,,,,,
,,,,,,,
,,,,,,,
,,,,,,,
,,,,,,,
,,,,,,,
,,,,,,,
,,,,,,,
,,,,,,,
,,,,,,,
,,,,,,,
,,,,,,,
,,,,,,,
,,,,,,,
,,,,,,,
,,,,,,,
,,,,,,,
,,,,,,,
,,,,,,,
,,,,,,,
,,,,,,,
,,,,,,,
,,,,,,,
,,,,,,,
,,,,,,,
,,,,,,,
,,,,,,,
,,,,,,,
,,,,,,,
,,,,,,,
,,,,,,,
,,,,,,,
,,,,,,,
,,,,,,,
,,,,,,,
,,,,,,,
,,,,,,,
,,,,,,,
,,,,,,,
,,,,,,,
,,,,,,,
,,,,,,,
,,,,,,,
,,,,,,,
,,,,,,,
,,,,,,,
,,,,,,,
,,,,,,,
,,,,,,,
,,,,,,,
,,,,,,,
,,,,,,,
,,,,,,,
,,,,,,,
,,,,,,,
,,,,,,,
,,,,,,,
,,,,,,,
,,,,,,,
,,,,,,,
,,,,,,,
,,,,,,,
,,,,,,,
,,,,,,,
,,,,,,,
,,,,,,,
,,,,,,,
,,,,,,,
,,,,,,,
,,,,,,,
,,,,,,,
,,,,,,,
,,,,,,,
,,,,,,,
,,,,,,,
,,,,,,,
,,,,,,,
,,,,,,,
,,,,,,,
,,,,,,,
,,,,,,,
,,,,,,,
,,,,,,,
,,,,,,,
,,,,,,,
,,,,,,,
,,,,,,,
,,,,,,,
,,,,,,,
,,,,,,,
,,,,,,,
,,,,,,,
,,,,,,,
,,,,,,,
,,,,,,,
,,,,,,,
,,,,,,,
,,,,,,,
,,,,,,,
,,,,,,,
,,,,,,,
,,,,,,,
,,,,,,,
,,,,,,,
,,,,,,,
,,,,,,,
,,,,,,,
,,,,,,,
,,,,,,,
,,,,,,,
,,,,,,,
,,,,,,,
,,,,,,,
,,,,,,,
,,,,,,,
,,,,,,,
,,,,,,,
,,,,,,,
,,,,,,,
,,,,,,,
,,,,,,,
,,,,,,,
,,,,,,,
,,,,,,,
,,,,,,,
,,,,,,,
,,,,,,,
,,,,,,,
,,,,,,,
,,,,,,,
,,,,,,,
,,,,,,,
,,,,,,,
,,,,,,,
,,,,,,,
,,,,,,,
,,,,,,,
,,,,,,,
,,,,,,,
,,,,,,,
,,,,,,,
,,,,,,,
